ISO-10303-21;
HEADER;
FILE_DESCRIPTION(('ViewDefinition[CoordinationView, QuantityTakeOffAddOnView]'),'2;1');
FILE_NAME('4KL-5.ifc','2026-09-09T15:32:38',('QATD-1\\Administrator'),('Structural Designer'),'IFC Database Version:Work','Tekla structures 19.0 Service Release 7, IFC Export Version: 4.0.0.0 Feb  4 2015','');
FILE_SCHEMA(('IFC2X3'));
ENDSEC;

DATA;
#1= IFCPERSON('QATD-1\\Administrator','Undefined',$,$,$,$,$,$);
#2= IFCORGANIZATION($,'Tekla Corporation',$,$,$);
#3= IFCPERSONANDORGANIZATION(#1,#2,$);
#4= IFCAPPLICATION(#2,'19.0 Service Release 7','Tekla Structures','Multi material modeling');
#5= IFCOWNERHISTORY(#3,#4,$,.NOCHANGE.,$,$,$,1788939158);
#6= IFCCARTESIANPOINT((0.,0.,0.));
#7= IFCDIRECTION((1.,0.,0.));
#8= IFCDIRECTION((0.,1.,0.));
#9= IFCDIRECTION((0.,0.,1.));
#10= IFCAXIS2PLACEMENT3D(#6,#9,#7);
#11= IFCGEOMETRICREPRESENTATIONCONTEXT($,'Model',3,1.E-005,#10,$);
#12= IFCGEOMETRICREPRESENTATIONSUBCONTEXT('Body','Model',*,*,*,*,#11,$,.MODEL_VIEW.,$);
#13= IFCGEOMETRICREPRESENTATIONSUBCONTEXT('Axis','Model',*,*,*,*,#11,$,.GRAPH_VIEW.,$);
#14= IFCSIUNIT(*,.LENGTHUNIT.,.MILLI.,.METRE.);
#15= IFCSIUNIT(*,.AREAUNIT.,$,.SQUARE_METRE.);
#16= IFCSIUNIT(*,.VOLUMEUNIT.,$,.CUBIC_METRE.);
#17= IFCSIUNIT(*,.MASSUNIT.,.KILO.,.GRAM.);
#18= IFCSIUNIT(*,.TIMEUNIT.,$,.SECOND.);
#19= IFCSIUNIT(*,.PLANEANGLEUNIT.,$,.RADIAN.);
#20= IFCSIUNIT(*,.SOLIDANGLEUNIT.,$,.STERADIAN.);
#21= IFCSIUNIT(*,.THERMODYNAMICTEMPERATUREUNIT.,$,.DEGREE_CELSIUS.);
#22= IFCSIUNIT(*,.LUMINOUSINTENSITYUNIT.,$,.LUMEN.);
#23= IFCUNITASSIGNMENT((#14,#15,#16,#17,#18,#19,#20,#21,#22));
#24= IFCPROJECT('3i6oY0ImHBWxqIaR4dE4GF',#5,'Tekla Corporation',$,$,$,$,(#11),#23);
#25= IFCLOCALPLACEMENT($,#10);
#26= IFCSITE('13pshQohLB8PpQVsjmFBFp',#5,'Undefined',$,$,#25,$,$,.ELEMENT.,$,$,0.,$,$);
#27= IFCLOCALPLACEMENT(#25,#10);
#28= IFCBUILDING('0YpQbPMRXAr9xz2CipsMfp',#5,'Undefined',$,$,#27,$,$,.ELEMENT.,$,$,$);
#29= IFCLOCALPLACEMENT(#27,#10);
#30= IFCBUILDINGSTOREY('2XKbO7xdD4yAwuXFk0X4SV',#5,'Undefined',$,$,#29,$,$,.ELEMENT.,0.);
#31= IFCAXIS2PLACEMENT3D(#6,#9,#7);
#32= IFCLOCALPLACEMENT(#29,#31);
#33= IFCELEMENTASSEMBLY('1gZu$s001LXZ4tE3SuC3au',#5,'GL2',$,$,#32,$,$,$,.NOTDEFINED.);
#34= IFCPROPERTYSINGLEVALUE('Cast unit vertical position code',$,$,$);
#35= IFCPROPERTYSINGLEVALUE('Cast unit rebar weight',$,$,$);
#36= IFCPROPERTYSINGLEVALUE('Assembly/Cast unit weight',$,IFCMASSMEASURE(373.796451265588),$);
#37= IFCPROPERTYSINGLEVALUE('Assembly/Cast unit bottom elevation',$,IFCLABEL(' +11.600'),$);
#38= IFCPROPERTYSINGLEVALUE('Assembly/Cast unit top elevation',$,IFCLABEL(' +12.000'),$);
#39= IFCPROPERTYSINGLEVALUE('Assembly/Cast unit name',$,IFCLABEL('GL2'),$);
#40= IFCPROPERTYSINGLEVALUE('Assembly/Cast unit position code',$,IFCLABEL('1-2/B'),$);
#41= IFCPROPERTYSINGLEVALUE('Assembly/Cast unit Mark',$,IFCLABEL('4KL-5'),$);
#42= IFCPROPERTYSET('3ZbWX6DevA1g2CA9NAY6oR',#5,'Tekla Assembly','Assembly Properties',(#34,#35,#36,#37,#38,#39,#40,#41));
#43= IFCCARTESIANPOINT((6.,5000.,11800.));
#44= IFCAXIS2PLACEMENT3D(#43,#9,#7);
#45= IFCLOCALPLACEMENT(#32,#44);
#46= IFCCOLOURRGB('Dark Cyan',0.2,0.6,0.698039215686274);
#47= IFCSURFACESTYLERENDERING(#46,0.,$,$,$,$,IFCNORMALISEDRATIOMEASURE(0.00390625),IFCSPECULAREXPONENT(10.),.NOTDEFINED.);
#48= IFCSURFACESTYLE('STEEL/Q355B',.POSITIVE.,(#47));
#49= IFCPRESENTATIONSTYLEASSIGNMENT((#48));
#50= IFCDIRECTION((1.,0.));
#51= IFCCARTESIANPOINT((0.,0.));
#52= IFCAXIS2PLACEMENT2D(#51,#50);
#53= IFCISHAPEPROFILEDEF(.AREA.,'HN400*200*8*13',#52,200.,400.,8.,13.,16.);
#54= IFCDIRECTION((0.,-1.,0.));
#55= IFCDIRECTION((-1.,0.,0.));
#56= IFCCARTESIANPOINT((5488.0005525,0.,0.));
#57= IFCAXIS2PLACEMENT3D(#56,#55,#54);
#58= IFCEXTRUDEDAREASOLID(#53,#57,#9,4988.001105);
#59= IFCSHAPEREPRESENTATION(#12,'Body','SweptSolid',(#58));
#60= IFCSTYLEDITEM(#58,(#49),$);
#61= IFCPRODUCTDEFINITIONSHAPE($,$,(#59));
#62= IFCBEAM('1gWG5c0001M34tE3OuDpCv',#5,'GL2','HN400*200*8*13','HN400*200*8*13',#45,#61,'ID6a810166-0000-0158-3137-383638373339');
#63= IFCAXIS2PLACEMENT3D(#43,#9,#7);
#64= IFCLOCALPLACEMENT(#32,#63);
#65= IFCCARTESIANPOINT((13.,1.69961822393816E-011));
#66= IFCCARTESIANPOINT((12.999999046313,11.0000000000181));
#67= IFCPOLYLINE((#51,#65,#66,#51));
#68= IFCARBITRARYCLOSEDPROFILEDEF(.AREA.,'BL555*11',#67);
#69= IFCDIRECTION((-3.60210000125428E-005,0.999999999351244,-5.6552970465976E-012));
#70= IFCCARTESIANPOINT((500.009997870778,-277.481809214219,-200.000000000821));
#71= IFCAXIS2PLACEMENT3D(#70,#69,#9);
#72= IFCEXTRUDEDAREASOLID(#68,#71,#9,555.);
#73= IFCSHAPEREPRESENTATION(#12,'Body','SweptSolid',(#72));
#74= IFCPRODUCTDEFINITIONSHAPE($,$,(#73));
#75= IFCOPENINGELEMENT('1gXvyC002qFJ4tE3SpCJWp',#5,$,$,'Recess',#64,#74,$);
#76= IFCRELVOIDSELEMENT('1Ja4m6xPzFWQUndTkfm_Qy',#5,$,$,#62,#75);
#77= IFCAXIS2PLACEMENT3D(#43,#9,#7);
#78= IFCLOCALPLACEMENT(#32,#77);
#79= IFCCARTESIANPOINT((13.0004720688594,11.000000000007));
#80= IFCPOLYLINE((#51,#65,#79,#51));
#81= IFCARBITRARYCLOSEDPROFILEDEF(.AREA.,'BL555*11',#80);
#82= IFCDIRECTION((4.28400000049346E-005,0.,0.999999999082367));
#83= IFCCARTESIANPOINT((500.009438907495,-277.481809214219,186.999999569392));
#84= IFCAXIS2PLACEMENT3D(#83,#69,#82);
#85= IFCEXTRUDEDAREASOLID(#81,#84,#9,555.);
#86= IFCSHAPEREPRESENTATION(#12,'Body','SweptSolid',(#85));
#87= IFCPRODUCTDEFINITIONSHAPE($,$,(#86));
#88= IFCOPENINGELEMENT('1gXvyC002qGJ4tE3SpCJWp',#5,$,$,'Recess',#78,#87,$);
#89= IFCRELVOIDSELEMENT('2d0gH4gHn7ffYLxb7q82mh',#5,$,$,#62,#88);
#90= IFCAXIS2PLACEMENT3D(#43,#9,#7);
#91= IFCLOCALPLACEMENT(#32,#90);
#92= IFCCARTESIANPOINT((499.998919369999,30.0181905862883,-152.000000002383));
#93= IFCCARTESIANPOINT((499.998919369999,30.0181905862883,-187.000000002383));
#94= IFCCARTESIANPOINT((500.001080630001,-29.9818093747872,-187.000000002383));
#95= IFCCARTESIANPOINT((500.001080630001,-29.9818093747872,-152.000000002383));
#96= IFCPOLYLOOP((#92,#93,#94,#95));
#97= IFCFACEOUTERBOUND(#96,.T.);
#98= IFCFACE((#97));
#99= IFCCARTESIANPOINT((534.998919347293,30.0194513212891,-187.000000002383));
#100= IFCCARTESIANPOINT((535.001080607294,-29.9805486397863,-187.000000002383));
#101= IFCPOLYLOOP((#93,#99,#100,#94));
#102= IFCFACEOUTERBOUND(#101,.T.);
#103= IFCFACE((#102));
#104= IFCCARTESIANPOINT((534.568011268402,30.0194357995488,-181.524793725976));
#105= IFCCARTESIANPOINT((534.570172528404,-29.9805641615258,-181.524793725976));
#106= IFCPOLYLOOP((#99,#104,#105,#100));
#107= IFCFACEOUTERBOUND(#106,.T.);
#108= IFCFACE((#107));
#109= IFCCARTESIANPOINT((533.285897418735,30.0193896165256,-176.184405199259));
#110= IFCCARTESIANPOINT((533.288058678736,-29.980610344549,-176.184405199259));
#111= IFCPOLYLOOP((#104,#109,#110,#105));
#112= IFCFACEOUTERBOUND(#111,.T.);
#113= IFCFACE((#112));
#114= IFCCARTESIANPOINT((531.18414769636,30.019313909399,-171.110332511498));
#115= IFCCARTESIANPOINT((531.186308956362,-29.9806860516755,-171.110332511498));
#116= IFCPOLYLOOP((#109,#114,#115,#110));
#117= IFCFACEOUTERBOUND(#116,.T.);
#118= IFCFACE((#117));
#119= IFCCARTESIANPOINT((528.314514154752,30.0192105423293,-166.427516172147));
#120= IFCCARTESIANPOINT((528.316675414754,-29.9807894187461,-166.427516172147));
#121= IFCPOLYLOOP((#114,#119,#120,#115));
#122= IFCFACEOUTERBOUND(#121,.T.);
#123= IFCFACE((#122));
#124= IFCCARTESIANPOINT((524.747656695473,30.0190820605567,-162.251262660853));
#125= IFCCARTESIANPOINT((524.749817955474,-29.9809179005188,-162.251262660853));
#126= IFCPOLYLOOP((#119,#124,#125,#120));
#127= IFCFACEOUTERBOUND(#126,.T.);
#128= IFCFACE((#127));
#129= IFCCARTESIANPOINT((520.571403186889,30.0189316277283,-158.684405199259));
#130= IFCCARTESIANPOINT((520.573564446891,-29.9810683333462,-158.684405199259));
#131= IFCPOLYLOOP((#124,#129,#130,#125));
#132= IFCFACEOUTERBOUND(#131,.T.);
#133= IFCFACE((#132));
#134= IFCCARTESIANPOINT((515.888586850575,30.0187629480006,-155.814771655791));
#135= IFCCARTESIANPOINT((515.890748110576,-29.981237013074,-155.814771655791));
#136= IFCPOLYLOOP((#129,#134,#135,#130));
#137= IFCFACEOUTERBOUND(#136,.T.);
#138= IFCFACE((#137));
#139= IFCCARTESIANPOINT((510.814514166106,30.0185801748285,-153.713021932053));
#140= IFCCARTESIANPOINT((510.816675426107,-29.9814197862461,-153.713021932053));
#141= IFCPOLYLOOP((#134,#139,#140,#135));
#142= IFCFACEOUTERBOUND(#141,.T.);
#143= IFCFACE((#142));
#144= IFCCARTESIANPOINT((505.474125642855,30.0183878086937,-152.430908081553));
#145= IFCCARTESIANPOINT((505.476286902857,-29.9816121523818,-152.430908081553));
#146= IFCPOLYLOOP((#139,#144,#145,#140));
#147= IFCFACEOUTERBOUND(#146,.T.);
#148= IFCFACE((#147));
#149= IFCPOLYLOOP((#144,#92,#95,#145));
#150= IFCFACEOUTERBOUND(#149,.T.);
#151= IFCFACE((#150));
#152= IFCPOLYLOOP((#100,#105,#110,#115,#120,#125,#130,#135,#140,#145,#95,#94));
#153= IFCFACEOUTERBOUND(#152,.T.);
#154= IFCFACE((#153));
#155= IFCPOLYLOOP((#144,#139,#134,#129,#124,#119,#114,#109,#104,#99,#93,#92));
#156= IFCFACEOUTERBOUND(#155,.T.);
#157= IFCFACE((#156));
#158= IFCCLOSEDSHELL((#98,#103,#108,#113,#118,#123,#128,#133,#138,#143,#148,#151,#154,#157));
#159= IFCFACETEDBREP(#158);
#160= IFCSHAPEREPRESENTATION(#12,'Body','Brep',(#159));
#161= IFCPRODUCTDEFINITIONSHAPE($,$,(#160));
#162= IFCOPENINGELEMENT('1gXvyC002qHJ4tE3SpCJWp',#5,$,$,'Recess',#91,#161,$);
#163= IFCRELVOIDSELEMENT('3_lWPE3Jf6ggMwJpV$vF1_',#5,$,$,#62,#162);
#164= IFCAXIS2PLACEMENT3D(#43,#9,#7);
#165= IFCLOCALPLACEMENT(#32,#164);
#166= IFCCARTESIANPOINT((499.998362449999,30.0181905862873,186.999999997613));
#167= IFCCARTESIANPOINT((499.998362449999,30.0181905862873,151.999999997613));
#168= IFCCARTESIANPOINT((500.00052371,-29.9818093747881,151.999999997613));
#169= IFCCARTESIANPOINT((500.00052371,-29.9818093747881,186.999999997613));
#170= IFCPOLYLOOP((#166,#167,#168,#169));
#171= IFCFACEOUTERBOUND(#170,.T.);
#172= IFCFACE((#171));
#173= IFCCARTESIANPOINT((505.473568722855,30.0183878086928,152.430908076783));
#174= IFCCARTESIANPOINT((505.475729982856,-29.9816121523827,152.430908076783));
#175= IFCPOLYLOOP((#167,#173,#174,#168));
#176= IFCFACEOUTERBOUND(#175,.T.);
#177= IFCFACE((#176));
#178= IFCCARTESIANPOINT((510.813957246105,30.0185801748275,153.713021927284));
#179= IFCCARTESIANPOINT((510.816118506107,-29.981419786247,153.713021927284));
#180= IFCPOLYLOOP((#173,#178,#179,#174));
#181= IFCFACEOUTERBOUND(#180,.T.);
#182= IFCFACE((#181));
#183= IFCCARTESIANPOINT((515.888029930574,30.0187629479997,155.814771651021));
#184= IFCCARTESIANPOINT((515.890191190576,-29.9812370130749,155.814771651021));
#185= IFCPOLYLOOP((#178,#183,#184,#179));
#186= IFCFACEOUTERBOUND(#185,.T.);
#187= IFCFACE((#186));
#188= IFCCARTESIANPOINT((520.570846266889,30.0189316277274,158.68440519449));
#189= IFCCARTESIANPOINT((520.57300752689,-29.9810683333471,158.68440519449));
#190= IFCPOLYLOOP((#183,#188,#189,#184));
#191= IFCFACEOUTERBOUND(#190,.T.);
#192= IFCFACE((#191));
#193= IFCCARTESIANPOINT((524.747099775472,30.0190820605558,162.251262656084));
#194= IFCCARTESIANPOINT((524.749261035474,-29.9809179005197,162.251262656084));
#195= IFCPOLYLOOP((#188,#193,#194,#189));
#196= IFCFACEOUTERBOUND(#195,.T.);
#197= IFCFACE((#196));
#198= IFCCARTESIANPOINT((528.313957234752,30.0192105423284,166.427516167378));
#199= IFCCARTESIANPOINT((528.316118494754,-29.980789418747,166.427516167378));
#200= IFCPOLYLOOP((#193,#198,#199,#194));
#201= IFCFACEOUTERBOUND(#200,.T.);
#202= IFCFACE((#201));
#203= IFCCARTESIANPOINT((531.18359077636,30.0193139093981,171.110332506729));
#204= IFCCARTESIANPOINT((531.185752036362,-29.9806860516765,171.110332506729));
#205= IFCPOLYLOOP((#198,#203,#204,#199));
#206= IFCFACEOUTERBOUND(#205,.T.);
#207= IFCFACE((#206));
#208= IFCCARTESIANPOINT((533.285340498734,30.0193896165247,176.18440519449));
#209= IFCCARTESIANPOINT((533.287501758736,-29.9806103445499,176.18440519449));
#210= IFCPOLYLOOP((#203,#208,#209,#204));
#211= IFCFACEOUTERBOUND(#210,.T.);
#212= IFCFACE((#211));
#213= IFCCARTESIANPOINT((534.567454348402,30.0194357995479,181.524793721206));
#214= IFCCARTESIANPOINT((534.569615608403,-29.9805641615267,181.524793721206));
#215= IFCPOLYLOOP((#208,#213,#214,#209));
#216= IFCFACEOUTERBOUND(#215,.T.);
#217= IFCFACE((#216));
#218= IFCCARTESIANPOINT((534.998362427292,30.0194513212882,186.999999997613));
#219= IFCCARTESIANPOINT((535.000523687294,-29.9805486397872,186.999999997613));
#220= IFCPOLYLOOP((#213,#218,#219,#214));
#221= IFCFACEOUTERBOUND(#220,.T.);
#222= IFCFACE((#221));
#223= IFCPOLYLOOP((#218,#166,#169,#219));
#224= IFCFACEOUTERBOUND(#223,.T.);
#225= IFCFACE((#224));
#226= IFCPOLYLOOP((#174,#179,#184,#189,#194,#199,#204,#209,#214,#219,#169,#168));
#227= IFCFACEOUTERBOUND(#226,.T.);
#228= IFCFACE((#227));
#229= IFCPOLYLOOP((#218,#213,#208,#203,#198,#193,#188,#183,#178,#173,#167,#166));
#230= IFCFACEOUTERBOUND(#229,.T.);
#231= IFCFACE((#230));
#232= IFCCLOSEDSHELL((#172,#177,#182,#187,#192,#197,#202,#207,#212,#217,#222,#225,#228,#231));
#233= IFCFACETEDBREP(#232);
#234= IFCSHAPEREPRESENTATION(#12,'Body','Brep',(#233));
#235= IFCPRODUCTDEFINITIONSHAPE($,$,(#234));
#236= IFCOPENINGELEMENT('1gXvyC002qIp4tE3SpCJWp',#5,$,$,'Recess',#165,#235,$);
#237= IFCRELVOIDSELEMENT('1SzYD1Ekf7XONYFgf6R2_k',#5,$,$,#62,#236);
#238= IFCAXIS2PLACEMENT3D(#43,#9,#7);
#239= IFCLOCALPLACEMENT(#32,#238);
#240= IFCDIRECTION((-3.60210000125428E-005,-0.999999999351244,5.65529641658012E-012));
#241= IFCCARTESIANPOINT((5488.00999378423,277.518190425722,-200.000000003959));
#242= IFCAXIS2PLACEMENT3D(#241,#240,#9);
#243= IFCEXTRUDEDAREASOLID(#68,#242,#9,555.);
#244= IFCSHAPEREPRESENTATION(#12,'Body','SweptSolid',(#243));
#245= IFCPRODUCTDEFINITIONSHAPE($,$,(#244));
#246= IFCOPENINGELEMENT('1gZu$s001LcJ4tE3SuC3au',#5,$,$,'Recess',#239,#245,$);
#247= IFCRELVOIDSELEMENT('1t$M9zeVn1beuDtfoAxeOA',#5,$,$,#62,#246);
#248= IFCAXIS2PLACEMENT3D(#43,#9,#7);
#249= IFCLOCALPLACEMENT(#32,#248);
#250= IFCDIRECTION((-4.28400000180583E-005,0.,0.999999999082367));
#251= IFCCARTESIANPOINT((5488.0105527475,277.518190425722,187.000000425835));
#252= IFCAXIS2PLACEMENT3D(#251,#240,#250);
#253= IFCEXTRUDEDAREASOLID(#81,#252,#9,555.);
#254= IFCSHAPEREPRESENTATION(#12,'Body','SweptSolid',(#253));
#255= IFCPRODUCTDEFINITIONSHAPE($,$,(#254));
#256= IFCOPENINGELEMENT('1gZu$s001LdJ4tE3SuC3au',#5,$,$,'Recess',#249,#255,$);
#257= IFCRELVOIDSELEMENT('0urW84qA1Fr9WZlOpVESfJ',#5,$,$,#62,#256);
#258= IFCAXIS2PLACEMENT3D(#43,#9,#7);
#259= IFCLOCALPLACEMENT(#32,#258);
#260= IFCCARTESIANPOINT((5487.99891937,-29.9818093747863,-152.000000002383));
#261= IFCCARTESIANPOINT((5487.99891937,-29.9818093747863,-187.000000002383));
#262= IFCCARTESIANPOINT((5488.00108063,30.0181905862892,-187.000000002383));
#263= IFCCARTESIANPOINT((5488.00108063,30.0181905862892,-152.000000002383));
#264= IFCPOLYLOOP((#260,#261,#262,#263));
#265= IFCFACEOUTERBOUND(#264,.T.);
#266= IFCFACE((#265));
#267= IFCCARTESIANPOINT((5452.99891939271,-29.9805486397854,-187.000000002383));
#268= IFCCARTESIANPOINT((5453.00108065271,30.01945132129,-187.000000002383));
#269= IFCPOLYLOOP((#261,#267,#268,#262));
#270= IFCFACEOUTERBOUND(#269,.T.);
#271= IFCFACE((#270));
#272= IFCCARTESIANPOINT((5453.4298274716,-29.9805641615249,-181.524793725976));
#273= IFCCARTESIANPOINT((5453.4319887316,30.0194357995497,-181.524793725976));
#274= IFCPOLYLOOP((#267,#272,#273,#268));
#275= IFCFACEOUTERBOUND(#274,.T.);
#276= IFCFACE((#275));
#277= IFCCARTESIANPOINT((5454.71194132126,-29.980610344548,-176.184405199259));
#278= IFCCARTESIANPOINT((5454.71410258127,30.0193896165265,-176.184405199259));
#279= IFCPOLYLOOP((#272,#277,#278,#273));
#280= IFCFACEOUTERBOUND(#279,.T.);
#281= IFCFACE((#280));
#282= IFCCARTESIANPOINT((5456.81369104364,-29.9806860516746,-171.110332511498));
#283= IFCCARTESIANPOINT((5456.81585230364,30.0193139093999,-171.110332511498));
#284= IFCPOLYLOOP((#277,#282,#283,#278));
#285= IFCFACEOUTERBOUND(#284,.T.);
#286= IFCFACE((#285));
#287= IFCCARTESIANPOINT((5459.68332458525,-29.9807894187452,-166.427516172147));
#288= IFCCARTESIANPOINT((5459.68548584525,30.0192105423303,-166.427516172147));
#289= IFCPOLYLOOP((#282,#287,#288,#283));
#290= IFCFACEOUTERBOUND(#289,.T.);
#291= IFCFACE((#290));
#292= IFCCARTESIANPOINT((5463.25018204453,-29.9809179005179,-162.251262660853));
#293= IFCCARTESIANPOINT((5463.25234330453,30.0190820605576,-162.251262660853));
#294= IFCPOLYLOOP((#287,#292,#293,#288));
#295= IFCFACEOUTERBOUND(#294,.T.);
#296= IFCFACE((#295));
#297= IFCCARTESIANPOINT((5467.42643555311,-29.9810683333453,-158.684405199259));
#298= IFCCARTESIANPOINT((5467.42859681311,30.0189316277292,-158.684405199259));
#299= IFCPOLYLOOP((#292,#297,#298,#293));
#300= IFCFACEOUTERBOUND(#299,.T.);
#301= IFCFACE((#300));
#302= IFCCARTESIANPOINT((5472.10925188942,-29.981237013073,-155.814771655791));
#303= IFCCARTESIANPOINT((5472.11141314943,30.0187629480015,-155.814771655791));
#304= IFCPOLYLOOP((#297,#302,#303,#298));
#305= IFCFACEOUTERBOUND(#304,.T.);
#306= IFCFACE((#305));
#307= IFCCARTESIANPOINT((5477.18332457389,-29.9814197862452,-153.713021932053));
#308= IFCCARTESIANPOINT((5477.18548583389,30.0185801748294,-153.713021932053));
#309= IFCPOLYLOOP((#302,#307,#308,#303));
#310= IFCFACEOUTERBOUND(#309,.T.);
#311= IFCFACE((#310));
#312= IFCCARTESIANPOINT((5482.52371309714,-29.9816121523809,-152.430908081553));
#313= IFCCARTESIANPOINT((5482.52587435714,30.0183878086946,-152.430908081553));
#314= IFCPOLYLOOP((#307,#312,#313,#308));
#315= IFCFACEOUTERBOUND(#314,.T.);
#316= IFCFACE((#315));
#317= IFCPOLYLOOP((#312,#260,#263,#313));
#318= IFCFACEOUTERBOUND(#317,.T.);
#319= IFCFACE((#318));
#320= IFCPOLYLOOP((#268,#273,#278,#283,#288,#293,#298,#303,#308,#313,#263,#262));
#321= IFCFACEOUTERBOUND(#320,.T.);
#322= IFCFACE((#321));
#323= IFCPOLYLOOP((#312,#307,#302,#297,#292,#287,#282,#277,#272,#267,#261,#260));
#324= IFCFACEOUTERBOUND(#323,.T.);
#325= IFCFACE((#324));
#326= IFCCLOSEDSHELL((#266,#271,#276,#281,#286,#291,#296,#301,#306,#311,#316,#319,#322,#325));
#327= IFCFACETEDBREP(#326);
#328= IFCSHAPEREPRESENTATION(#12,'Body','Brep',(#327));
#329= IFCPRODUCTDEFINITIONSHAPE($,$,(#328));
#330= IFCOPENINGELEMENT('1gZu$s001LeJ4tE3SuC3au',#5,$,$,'Recess',#259,#329,$);
#331= IFCRELVOIDSELEMENT('3cS_278Xv1pxaRoJyoPXQ4',#5,$,$,#62,#330);
#332= IFCAXIS2PLACEMENT3D(#43,#9,#7);
#333= IFCLOCALPLACEMENT(#32,#332);
#334= IFCCARTESIANPOINT((5487.99947629,-29.9818093747863,186.999999997613));
#335= IFCCARTESIANPOINT((5487.99947629,-29.9818093747863,151.999999997613));
#336= IFCCARTESIANPOINT((5488.00163755,30.0181905862892,151.999999997613));
#337= IFCCARTESIANPOINT((5488.00163755,30.0181905862892,186.999999997613));
#338= IFCPOLYLOOP((#334,#335,#336,#337));
#339= IFCFACEOUTERBOUND(#338,.T.);
#340= IFCFACE((#339));
#341= IFCCARTESIANPOINT((5482.52427001714,-29.9816121523809,152.430908076783));
#342= IFCCARTESIANPOINT((5482.52643127714,30.0183878086946,152.430908076783));
#343= IFCPOLYLOOP((#335,#341,#342,#336));
#344= IFCFACEOUTERBOUND(#343,.T.);
#345= IFCFACE((#344));
#346= IFCCARTESIANPOINT((5477.18388149389,-29.9814197862452,153.713021927284));
#347= IFCCARTESIANPOINT((5477.18604275389,30.0185801748294,153.713021927284));
#348= IFCPOLYLOOP((#341,#346,#347,#342));
#349= IFCFACEOUTERBOUND(#348,.T.);
#350= IFCFACE((#349));
#351= IFCCARTESIANPOINT((5472.10980880942,-29.981237013073,155.814771651021));
#352= IFCCARTESIANPOINT((5472.11197006942,30.0187629480015,155.814771651021));
#353= IFCPOLYLOOP((#346,#351,#352,#347));
#354= IFCFACEOUTERBOUND(#353,.T.);
#355= IFCFACE((#354));
#356= IFCCARTESIANPOINT((5467.42699247311,-29.9810683333453,158.68440519449));
#357= IFCCARTESIANPOINT((5467.42915373311,30.0189316277292,158.68440519449));
#358= IFCPOLYLOOP((#351,#356,#357,#352));
#359= IFCFACEOUTERBOUND(#358,.T.);
#360= IFCFACE((#359));
#361= IFCCARTESIANPOINT((5463.25073896453,-29.9809179005179,162.251262656084));
#362= IFCCARTESIANPOINT((5463.25290022453,30.0190820605576,162.251262656084));
#363= IFCPOLYLOOP((#356,#361,#362,#357));
#364= IFCFACEOUTERBOUND(#363,.T.);
#365= IFCFACE((#364));
#366= IFCCARTESIANPOINT((5459.68388150525,-29.9807894187452,166.427516167378));
#367= IFCCARTESIANPOINT((5459.68604276525,30.0192105423303,166.427516167378));
#368= IFCPOLYLOOP((#361,#366,#367,#362));
#369= IFCFACEOUTERBOUND(#368,.T.);
#370= IFCFACE((#369));
#371= IFCCARTESIANPOINT((5456.81424796364,-29.9806860516746,171.110332506729));
#372= IFCCARTESIANPOINT((5456.81640922364,30.0193139093999,171.110332506729));
#373= IFCPOLYLOOP((#366,#371,#372,#367));
#374= IFCFACEOUTERBOUND(#373,.T.);
#375= IFCFACE((#374));
#376= IFCCARTESIANPOINT((5454.71249824126,-29.980610344548,176.18440519449));
#377= IFCCARTESIANPOINT((5454.71465950126,30.0193896165265,176.18440519449));
#378= IFCPOLYLOOP((#371,#376,#377,#372));
#379= IFCFACEOUTERBOUND(#378,.T.);
#380= IFCFACE((#379));
#381= IFCCARTESIANPOINT((5453.4303843916,-29.9805641615249,181.524793721206));
#382= IFCCARTESIANPOINT((5453.4325456516,30.0194357995497,181.524793721206));
#383= IFCPOLYLOOP((#376,#381,#382,#377));
#384= IFCFACEOUTERBOUND(#383,.T.);
#385= IFCFACE((#384));
#386= IFCCARTESIANPOINT((5452.99947631271,-29.9805486397854,186.999999997613));
#387= IFCCARTESIANPOINT((5453.00163757271,30.01945132129,186.999999997613));
#388= IFCPOLYLOOP((#381,#386,#387,#382));
#389= IFCFACEOUTERBOUND(#388,.T.);
#390= IFCFACE((#389));
#391= IFCPOLYLOOP((#386,#334,#337,#387));
#392= IFCFACEOUTERBOUND(#391,.T.);
#393= IFCFACE((#392));
#394= IFCPOLYLOOP((#342,#347,#352,#357,#362,#367,#372,#377,#382,#387,#337,#336));
#395= IFCFACEOUTERBOUND(#394,.T.);
#396= IFCFACE((#395));
#397= IFCPOLYLOOP((#386,#381,#376,#371,#366,#361,#356,#351,#346,#341,#335,#334));
#398= IFCFACEOUTERBOUND(#397,.T.);
#399= IFCFACE((#398));
#400= IFCCLOSEDSHELL((#340,#345,#350,#355,#360,#365,#370,#375,#380,#385,#390,#393,#396,#399));
#401= IFCFACETEDBREP(#400);
#402= IFCSHAPEREPRESENTATION(#12,'Body','Brep',(#401));
#403= IFCPRODUCTDEFINITIONSHAPE($,$,(#402));
#404= IFCOPENINGELEMENT('1gZu$s001Lfp4tE3SuC3au',#5,$,$,'Recess',#333,#403,$);
#405= IFCRELVOIDSELEMENT('0Ox_qusyP1h8O0oq1eZMxZ',#5,$,$,#62,#404);
#406= IFCBEAMTYPE('1f2GpCiuj0bQpqz6xp0UbM',#5,'HN400*200*8*13',$,$,$,$,$,$,.NOTDEFINED.);
#407= IFCPROPERTYSINGLEVALUE('Bottom elevation',$,IFCLABEL(' +11.600'),$);
#408= IFCPROPERTYSINGLEVALUE('Top elevation',$,IFCLABEL(' +12.000'),$);
#409= IFCPROPERTYSINGLEVALUE('Part mark',$,IFCLABEL('LH84'),$);
#410= IFCPROPERTYSINGLEVALUE('Assembly mark',$,IFCLABEL('4KL-5'),$);
#411= IFCPROPERTYSINGLEVALUE('Preliminary mark',$,IFCLABEL(''),$);
#412= IFCPROPERTYSINGLEVALUE('Control number',$,$,$);
#413= IFCPROPERTYSINGLEVALUE('Phase',$,IFCINTEGER(1),$);
#414= IFCPROPERTYSINGLEVALUE('Class',$,IFCLABEL('11'),$);
#415= IFCPROPERTYSINGLEVALUE('Finish',$,IFCLABEL(''),$);
#416= IFCPROPERTYSINGLEVALUE('Grade',$,IFCLABEL('Q355B'),$);
#417= IFCPROPERTYSINGLEVALUE('Profile',$,IFCLABEL('HN400*200*8*13'),$);
#418= IFCPROPERTYSINGLEVALUE('Name',$,IFCLABEL('GL2'),$);
#419= IFCPROPERTYSET('0G$lg9c4HAhPIAmnhml_ay',#5,'Tekla Common','Common Properties to Shared building elements',(#407,#408,#409,#410,#411,#412,#413,#414,#415,#416,#417,#418));
#420= IFCPROPERTYSINGLEVALUE('AssemblyWeight',$,IFCMASSMEASURE(373.796451265588),$);
#421= IFCPROPERTYSINGLEVALUE('Net weight',$,IFCMASSMEASURE(320.074680022984),$);
#422= IFCPROPERTYSINGLEVALUE('Gross weight',$,IFCMASSMEASURE(329.378907974964),$);
#423= IFCPROPERTYSINGLEVALUE('Weight',$,IFCMASSMEASURE(329.378907974964),$);
#424= IFCPROPERTYSINGLEVALUE('Net volume',$,IFCVOLUMEMEASURE(0.0407738445889152),$);
#425= IFCPROPERTYSINGLEVALUE('Gross volume',$,IFCVOLUMEMEASURE(0.0419590965573203),$);
#426= IFCPROPERTYSINGLEVALUE('Volume',$,IFCVOLUMEMEASURE(0.0419590965573203),$);
#427= IFCPROPERTYSINGLEVALUE('Gross footprint area',$,IFCAREAMEASURE(0.993199999730996),$);
#428= IFCPROPERTYSINGLEVALUE('Area per tons',$,IFCAREAMEASURE(24.0006928634854),$);
#429= IFCPROPERTYSINGLEVALUE('Net surface area',$,IFCAREAMEASURE(7.90532200601735),$);
#430= IFCPROPERTYSINGLEVALUE('Gross area',$,IFCAREAMEASURE(0.),$);
#431= IFCPROPERTYSINGLEVALUE('Height',$,IFCLENGTHMEASURE(400.000000971711),$);
#432= IFCPROPERTYSINGLEVALUE('Width',$,IFCLENGTHMEASURE(200.),$);
#433= IFCPROPERTYSINGLEVALUE('Length',$,IFCLENGTHMEASURE(4988.00482136475),$);
#434= IFCPROPERTYSET('249YRy8bTCNBLAwHwzAYoJ',#5,'Tekla Quantity','Quantity Properties to Shared building elements',(#420,#421,#422,#423,#424,#425,#426,#427,#428,#429,#430,#431,#432,#433));
#435= IFCPROPERTYSINGLEVALUE('MO_Storey',$,$,$);
#436= IFCPROPERTYSINGLEVALUE('MO_Section',$,$,$);
#437= IFCPROPERTYSET('1Ax9KDOc50Xhv7Fn00Ko90',#5,'Tekla_ModelOrganizer',$,(#435,#436));
#438= IFCPROPERTYSINGLEVALUE('AssemblyDesignCheckedBy',$,$,$);
#439= IFCPROPERTYSINGLEVALUE('AssemblyDesignComment',$,$,$);
#440= IFCPROPERTYSINGLEVALUE('AssemblyDesignAssignedTo',$,$,$);
#441= IFCPROPERTYSINGLEVALUE('AssemblyDesignCode',$,$,$);
#442= IFCPROPERTYSINGLEVALUE('AssemblyDesignPlansStatus',$,$,$);
#443= IFCPROPERTYSINGLEVALUE('AssemblyDesignCheckDate',$,$,$);
#444= IFCPROPERTYSINGLEVALUE('AssemblyPlannedStartDesign',$,$,$);
#445= IFCPROPERTYSINGLEVALUE('AssemblyPlannedEndDesign',$,$,$);
#446= IFCPROPERTYSINGLEVALUE('AssemblyActualStartDesign',$,$,$);
#447= IFCPROPERTYSINGLEVALUE('AssemblyActualEndDesign',$,$,$);
#448= IFCPROPERTYSINGLEVALUE('AssemblyFabricationCode',$,$,$);
#449= IFCPROPERTYSINGLEVALUE('AssemblyFabricationDeliveryNumber',$,$,$);
#450= IFCPROPERTYSINGLEVALUE('AssemblyFabricationPackageNumber',$,$,$);
#451= IFCPROPERTYSINGLEVALUE('AssemblyFabricationShipmentNumber',$,$,$);
#452= IFCPROPERTYSINGLEVALUE('AssemblyFabricationStatus',$,$,$);
#453= IFCPROPERTYSINGLEVALUE('AssemblyPlannedStartFabrication',$,$,$);
#454= IFCPROPERTYSINGLEVALUE('AssemblyPlannedEndFabrication',$,$,$);
#455= IFCPROPERTYSINGLEVALUE('AssemblyActualStartFabrication',$,$,$);
#456= IFCPROPERTYSINGLEVALUE('AssemblyActualEndFabrication',$,$,$);
#457= IFCPROPERTYSINGLEVALUE('AssemblyErectionCode',$,$,$);
#458= IFCPROPERTYSINGLEVALUE('AssemblyErectionComment',$,$,$);
#459= IFCPROPERTYSINGLEVALUE('AssemblyErectionStatus',$,$,$);
#460= IFCPROPERTYSINGLEVALUE('AssemblyErectionCIPStatus',$,$,$);
#461= IFCPROPERTYSINGLEVALUE('AssemblyPlannedStartErection',$,$,$);
#462= IFCPROPERTYSINGLEVALUE('AssemblyPlannedEndErection',$,$,$);
#463= IFCPROPERTYSINGLEVALUE('AssemblyActualStartErection',$,$,$);
#464= IFCPROPERTYSINGLEVALUE('AssemblyActualEndErection',$,$,$);
#465= IFCPROPERTYSET('0YaEr1OeP3uuw6cHi5gdjb',#5,'Tekla_4D',$,(#438,#439,#440,#441,#442,#443,#444,#445,#446,#447,#448,#449,#450,#451,#452,#453,#454,#455,#456,#457,#458,#459,#460,#461,#462,#463,#464));
#466= IFCQUANTITYLENGTH('Length',$,$,4988.00482136475);
#467= IFCQUANTITYAREA('OuterSurfaceArea',$,$,7.90532200601735);
#468= IFCQUANTITYVOLUME('NetVolume',$,$,0.0407738445889152);
#469= IFCQUANTITYWEIGHT('NetWeight',$,$,320.074680022984);
#470= IFCELEMENTQUANTITY('2tJmMw4Fn0lg4BezFsumcr',#5,'BaseQuantities',$,$,(#466,#467,#468,#469));
#471= IFCMATERIAL('STEEL/Q355B');
#472= IFCCARTESIANPOINT((1267.75,4946.,11950.));
#473= IFCDIRECTION((0.,0.,-1.));
#474= IFCAXIS2PLACEMENT3D(#472,#8,#473);
#475= IFCLOCALPLACEMENT(#32,#474);
#476= IFCCOLOURRGB('Dark Red',0.698039215686274,0.2,0.301960784313725);
#477= IFCSURFACESTYLERENDERING(#476,0.,$,$,$,$,IFCNORMALISEDRATIOMEASURE(0.00390625),IFCSPECULAREXPONENT(10.),.NOTDEFINED.);
#478= IFCSURFACESTYLE('STEEL/Q355B',.POSITIVE.,(#477));
#479= IFCPRESENTATIONSTYLEASSIGNMENT((#478));
#480= IFCRECTANGLEPROFILEDEF(.AREA.,'PL100*8',#52,8.,100.);
#481= IFCCARTESIANPOINT((200.,0.,0.));
#482= IFCAXIS2PLACEMENT3D(#481,#55,#54);
#483= IFCEXTRUDEDAREASOLID(#480,#482,#9,200.);
#484= IFCSHAPEREPRESENTATION(#12,'Body','SweptSolid',(#483));
#485= IFCSTYLEDITEM(#483,(#479),$);
#486= IFCPRODUCTDEFINITIONSHAPE($,$,(#484));
#487= IFCBEAM('1gXac0002ZUp4tE3SoCZWv',#5,'B','PL100*8','PL100*8',#475,#486,'ID6a864980-0000-a37b-3137-383732323839');
#488= IFCBEAMTYPE('2VUhnqb9zFfwTXUPSnoecP',#5,'PL100*8',$,$,$,$,$,$,.NOTDEFINED.);
#489= IFCPROPERTYSINGLEVALUE('Bottom elevation',$,IFCLABEL(' +11.750'),$);
#490= IFCPROPERTYSINGLEVALUE('Top elevation',$,IFCLABEL(' +11.950'),$);
#491= IFCPROPERTYSINGLEVALUE('Part mark',$,IFCLABEL('B37'),$);
#492= IFCPROPERTYSINGLEVALUE('Assembly mark',$,IFCLABEL('4KL-5'),$);
#493= IFCPROPERTYSINGLEVALUE('Preliminary mark',$,IFCLABEL(''),$);
#494= IFCPROPERTYSINGLEVALUE('Control number',$,$,$);
#495= IFCPROPERTYSINGLEVALUE('Phase',$,IFCINTEGER(1),$);
#496= IFCPROPERTYSINGLEVALUE('Class',$,IFCLABEL('9'),$);
#497= IFCPROPERTYSINGLEVALUE('Finish',$,IFCLABEL(''),$);
#498= IFCPROPERTYSINGLEVALUE('Grade',$,IFCLABEL('Q355B'),$);
#499= IFCPROPERTYSINGLEVALUE('Profile',$,IFCLABEL('PL100*8'),$);
#500= IFCPROPERTYSINGLEVALUE('Name',$,IFCLABEL('B'),$);
#501= IFCPROPERTYSET('3KKnyMvaTDq94AL5L0fpKi',#5,'Tekla Common','Common Properties to Shared building elements',(#489,#490,#491,#492,#493,#494,#495,#496,#497,#498,#499,#500));
#502= IFCPROPERTYSINGLEVALUE('AssemblyWeight',$,IFCMASSMEASURE(373.796451265588),$);
#503= IFCPROPERTYSINGLEVALUE('Net weight',$,IFCMASSMEASURE(1.256),$);
#504= IFCPROPERTYSINGLEVALUE('Gross weight',$,IFCMASSMEASURE(1.256),$);
#505= IFCPROPERTYSINGLEVALUE('Weight',$,IFCMASSMEASURE(1.256),$);
#506= IFCPROPERTYSINGLEVALUE('Net volume',$,IFCVOLUMEMEASURE(0.00016),$);
#507= IFCPROPERTYSINGLEVALUE('Gross volume',$,IFCVOLUMEMEASURE(0.00016),$);
#508= IFCPROPERTYSINGLEVALUE('Volume',$,IFCVOLUMEMEASURE(0.00016),$);
#509= IFCPROPERTYSINGLEVALUE('Gross footprint area',$,IFCAREAMEASURE(0.0008),$);
#510= IFCPROPERTYSINGLEVALUE('Area per tons',$,IFCAREAMEASURE(35.6687898089172),$);
#511= IFCPROPERTYSINGLEVALUE('Net surface area',$,IFCAREAMEASURE(0.0448),$);
#512= IFCPROPERTYSINGLEVALUE('Gross area',$,IFCAREAMEASURE(0.0448),$);
#513= IFCPROPERTYSINGLEVALUE('Height',$,IFCLENGTHMEASURE(100.),$);
#514= IFCPROPERTYSINGLEVALUE('Width',$,IFCLENGTHMEASURE(8.),$);
#515= IFCPROPERTYSINGLEVALUE('Length',$,IFCLENGTHMEASURE(200.),$);
#516= IFCPROPERTYSET('0bNSpWH7b7JRFWTCjaTimq',#5,'Tekla Quantity','Quantity Properties to Shared building elements',(#502,#503,#504,#505,#506,#507,#508,#509,#510,#511,#512,#513,#514,#515));
#517= IFCPROPERTYSINGLEVALUE('MO_Storey',$,$,$);
#518= IFCPROPERTYSINGLEVALUE('MO_Section',$,$,$);
#519= IFCPROPERTYSET('2CgHz7DC5Ekx_cwKNo_The',#5,'Tekla_ModelOrganizer',$,(#517,#518));
#520= IFCPROPERTYSINGLEVALUE('AssemblyDesignCheckedBy',$,$,$);
#521= IFCPROPERTYSINGLEVALUE('AssemblyDesignComment',$,$,$);
#522= IFCPROPERTYSINGLEVALUE('AssemblyDesignAssignedTo',$,$,$);
#523= IFCPROPERTYSINGLEVALUE('AssemblyDesignCode',$,$,$);
#524= IFCPROPERTYSINGLEVALUE('AssemblyDesignPlansStatus',$,$,$);
#525= IFCPROPERTYSINGLEVALUE('AssemblyDesignCheckDate',$,$,$);
#526= IFCPROPERTYSINGLEVALUE('AssemblyPlannedStartDesign',$,$,$);
#527= IFCPROPERTYSINGLEVALUE('AssemblyPlannedEndDesign',$,$,$);
#528= IFCPROPERTYSINGLEVALUE('AssemblyActualStartDesign',$,$,$);
#529= IFCPROPERTYSINGLEVALUE('AssemblyActualEndDesign',$,$,$);
#530= IFCPROPERTYSINGLEVALUE('AssemblyFabricationCode',$,$,$);
#531= IFCPROPERTYSINGLEVALUE('AssemblyFabricationDeliveryNumber',$,$,$);
#532= IFCPROPERTYSINGLEVALUE('AssemblyFabricationPackageNumber',$,$,$);
#533= IFCPROPERTYSINGLEVALUE('AssemblyFabricationShipmentNumber',$,$,$);
#534= IFCPROPERTYSINGLEVALUE('AssemblyFabricationStatus',$,$,$);
#535= IFCPROPERTYSINGLEVALUE('AssemblyPlannedStartFabrication',$,$,$);
#536= IFCPROPERTYSINGLEVALUE('AssemblyPlannedEndFabrication',$,$,$);
#537= IFCPROPERTYSINGLEVALUE('AssemblyActualStartFabrication',$,$,$);
#538= IFCPROPERTYSINGLEVALUE('AssemblyActualEndFabrication',$,$,$);
#539= IFCPROPERTYSINGLEVALUE('AssemblyErectionCode',$,$,$);
#540= IFCPROPERTYSINGLEVALUE('AssemblyErectionComment',$,$,$);
#541= IFCPROPERTYSINGLEVALUE('AssemblyErectionStatus',$,$,$);
#542= IFCPROPERTYSINGLEVALUE('AssemblyErectionCIPStatus',$,$,$);
#543= IFCPROPERTYSINGLEVALUE('AssemblyPlannedStartErection',$,$,$);
#544= IFCPROPERTYSINGLEVALUE('AssemblyPlannedEndErection',$,$,$);
#545= IFCPROPERTYSINGLEVALUE('AssemblyActualStartErection',$,$,$);
#546= IFCPROPERTYSINGLEVALUE('AssemblyActualEndErection',$,$,$);
#547= IFCPROPERTYSET('2RvNwbR8HFQhAveudyP_fl',#5,'Tekla_4D',$,(#520,#521,#522,#523,#524,#525,#526,#527,#528,#529,#530,#531,#532,#533,#534,#535,#536,#537,#538,#539,#540,#541,#542,#543,#544,#545,#546));
#548= IFCQUANTITYLENGTH('Length',$,$,200.);
#549= IFCQUANTITYAREA('OuterSurfaceArea',$,$,0.0448);
#550= IFCQUANTITYVOLUME('NetVolume',$,$,0.00016);
#551= IFCQUANTITYWEIGHT('NetWeight',$,$,1.256);
#552= IFCELEMENTQUANTITY('08etprvSfBzB0AtaCduE1p',#5,'BaseQuantities',$,$,(#548,#549,#550,#551));
#553= IFCCARTESIANPOINT((3467.75,4946.,11950.));
#554= IFCAXIS2PLACEMENT3D(#553,#8,#473);
#555= IFCLOCALPLACEMENT(#32,#554);
#556= IFCSHAPEREPRESENTATION(#12,'Body','SweptSolid',(#483));
#557= IFCPRODUCTDEFINITIONSHAPE($,$,(#556));
#558= IFCBEAM('1gXac0002frp4tE3SoCp4p',#5,'B','PL100*8','PL100*8',#555,#557,'ID6a864980-0000-a9d7-3137-383732333133');
#559= IFCPROPERTYSINGLEVALUE('Bottom elevation',$,IFCLABEL(' +11.750'),$);
#560= IFCPROPERTYSINGLEVALUE('Top elevation',$,IFCLABEL(' +11.950'),$);
#561= IFCPROPERTYSINGLEVALUE('Part mark',$,IFCLABEL('B37'),$);
#562= IFCPROPERTYSINGLEVALUE('Assembly mark',$,IFCLABEL('4KL-5'),$);
#563= IFCPROPERTYSINGLEVALUE('Preliminary mark',$,IFCLABEL(''),$);
#564= IFCPROPERTYSINGLEVALUE('Control number',$,$,$);
#565= IFCPROPERTYSINGLEVALUE('Phase',$,IFCINTEGER(1),$);
#566= IFCPROPERTYSINGLEVALUE('Class',$,IFCLABEL('9'),$);
#567= IFCPROPERTYSINGLEVALUE('Finish',$,IFCLABEL(''),$);
#568= IFCPROPERTYSINGLEVALUE('Grade',$,IFCLABEL('Q355B'),$);
#569= IFCPROPERTYSINGLEVALUE('Profile',$,IFCLABEL('PL100*8'),$);
#570= IFCPROPERTYSINGLEVALUE('Name',$,IFCLABEL('B'),$);
#571= IFCPROPERTYSET('2jDqT7Ihz2k9$wV_qtb8rH',#5,'Tekla Common','Common Properties to Shared building elements',(#559,#560,#561,#562,#563,#564,#565,#566,#567,#568,#569,#570));
#572= IFCPROPERTYSINGLEVALUE('AssemblyWeight',$,IFCMASSMEASURE(373.796451265588),$);
#573= IFCPROPERTYSINGLEVALUE('Net weight',$,IFCMASSMEASURE(1.256),$);
#574= IFCPROPERTYSINGLEVALUE('Gross weight',$,IFCMASSMEASURE(1.256),$);
#575= IFCPROPERTYSINGLEVALUE('Weight',$,IFCMASSMEASURE(1.256),$);
#576= IFCPROPERTYSINGLEVALUE('Net volume',$,IFCVOLUMEMEASURE(0.00016),$);
#577= IFCPROPERTYSINGLEVALUE('Gross volume',$,IFCVOLUMEMEASURE(0.00016),$);
#578= IFCPROPERTYSINGLEVALUE('Volume',$,IFCVOLUMEMEASURE(0.00016),$);
#579= IFCPROPERTYSINGLEVALUE('Gross footprint area',$,IFCAREAMEASURE(0.0008),$);
#580= IFCPROPERTYSINGLEVALUE('Area per tons',$,IFCAREAMEASURE(35.6687898089172),$);
#581= IFCPROPERTYSINGLEVALUE('Net surface area',$,IFCAREAMEASURE(0.0448),$);
#582= IFCPROPERTYSINGLEVALUE('Gross area',$,IFCAREAMEASURE(0.0448),$);
#583= IFCPROPERTYSINGLEVALUE('Height',$,IFCLENGTHMEASURE(100.),$);
#584= IFCPROPERTYSINGLEVALUE('Width',$,IFCLENGTHMEASURE(8.),$);
#585= IFCPROPERTYSINGLEVALUE('Length',$,IFCLENGTHMEASURE(200.),$);
#586= IFCPROPERTYSET('0DQAKoDfr5oOALSOwFAatE',#5,'Tekla Quantity','Quantity Properties to Shared building elements',(#572,#573,#574,#575,#576,#577,#578,#579,#580,#581,#582,#583,#584,#585));
#587= IFCPROPERTYSINGLEVALUE('MO_Storey',$,$,$);
#588= IFCPROPERTYSINGLEVALUE('MO_Section',$,$,$);
#589= IFCPROPERTYSET('1BDLChQWj1Q9hFnOSKBV41',#5,'Tekla_ModelOrganizer',$,(#587,#588));
#590= IFCPROPERTYSINGLEVALUE('AssemblyDesignCheckedBy',$,$,$);
#591= IFCPROPERTYSINGLEVALUE('AssemblyDesignComment',$,$,$);
#592= IFCPROPERTYSINGLEVALUE('AssemblyDesignAssignedTo',$,$,$);
#593= IFCPROPERTYSINGLEVALUE('AssemblyDesignCode',$,$,$);
#594= IFCPROPERTYSINGLEVALUE('AssemblyDesignPlansStatus',$,$,$);
#595= IFCPROPERTYSINGLEVALUE('AssemblyDesignCheckDate',$,$,$);
#596= IFCPROPERTYSINGLEVALUE('AssemblyPlannedStartDesign',$,$,$);
#597= IFCPROPERTYSINGLEVALUE('AssemblyPlannedEndDesign',$,$,$);
#598= IFCPROPERTYSINGLEVALUE('AssemblyActualStartDesign',$,$,$);
#599= IFCPROPERTYSINGLEVALUE('AssemblyActualEndDesign',$,$,$);
#600= IFCPROPERTYSINGLEVALUE('AssemblyFabricationCode',$,$,$);
#601= IFCPROPERTYSINGLEVALUE('AssemblyFabricationDeliveryNumber',$,$,$);
#602= IFCPROPERTYSINGLEVALUE('AssemblyFabricationPackageNumber',$,$,$);
#603= IFCPROPERTYSINGLEVALUE('AssemblyFabricationShipmentNumber',$,$,$);
#604= IFCPROPERTYSINGLEVALUE('AssemblyFabricationStatus',$,$,$);
#605= IFCPROPERTYSINGLEVALUE('AssemblyPlannedStartFabrication',$,$,$);
#606= IFCPROPERTYSINGLEVALUE('AssemblyPlannedEndFabrication',$,$,$);
#607= IFCPROPERTYSINGLEVALUE('AssemblyActualStartFabrication',$,$,$);
#608= IFCPROPERTYSINGLEVALUE('AssemblyActualEndFabrication',$,$,$);
#609= IFCPROPERTYSINGLEVALUE('AssemblyErectionCode',$,$,$);
#610= IFCPROPERTYSINGLEVALUE('AssemblyErectionComment',$,$,$);
#611= IFCPROPERTYSINGLEVALUE('AssemblyErectionStatus',$,$,$);
#612= IFCPROPERTYSINGLEVALUE('AssemblyErectionCIPStatus',$,$,$);
#613= IFCPROPERTYSINGLEVALUE('AssemblyPlannedStartErection',$,$,$);
#614= IFCPROPERTYSINGLEVALUE('AssemblyPlannedEndErection',$,$,$);
#615= IFCPROPERTYSINGLEVALUE('AssemblyActualStartErection',$,$,$);
#616= IFCPROPERTYSINGLEVALUE('AssemblyActualEndErection',$,$,$);
#617= IFCPROPERTYSET('1h2zGT1T54cxJe3TSBqZz1',#5,'Tekla_4D',$,(#590,#591,#592,#593,#594,#595,#596,#597,#598,#599,#600,#601,#602,#603,#604,#605,#606,#607,#608,#609,#610,#611,#612,#613,#614,#615,#616));
#618= IFCCARTESIANPOINT((4917.75,4946.,11950.));
#619= IFCAXIS2PLACEMENT3D(#618,#8,#473);
#620= IFCLOCALPLACEMENT(#32,#619);
#621= IFCSHAPEREPRESENTATION(#12,'Body','SweptSolid',(#483));
#622= IFCPRODUCTDEFINITIONSHAPE($,$,(#621));
#623= IFCBEAM('1gXac0002fwZ4tE3SoCp4p',#5,'B','PL100*8','PL100*8',#620,#622,'ID6a864980-0000-a9ea-3137-383732333133');
#624= IFCPROPERTYSINGLEVALUE('Bottom elevation',$,IFCLABEL(' +11.750'),$);
#625= IFCPROPERTYSINGLEVALUE('Top elevation',$,IFCLABEL(' +11.950'),$);
#626= IFCPROPERTYSINGLEVALUE('Part mark',$,IFCLABEL('B37'),$);
#627= IFCPROPERTYSINGLEVALUE('Assembly mark',$,IFCLABEL('4KL-5'),$);
#628= IFCPROPERTYSINGLEVALUE('Preliminary mark',$,IFCLABEL(''),$);
#629= IFCPROPERTYSINGLEVALUE('Control number',$,$,$);
#630= IFCPROPERTYSINGLEVALUE('Phase',$,IFCINTEGER(1),$);
#631= IFCPROPERTYSINGLEVALUE('Class',$,IFCLABEL('9'),$);
#632= IFCPROPERTYSINGLEVALUE('Finish',$,IFCLABEL(''),$);
#633= IFCPROPERTYSINGLEVALUE('Grade',$,IFCLABEL('Q355B'),$);
#634= IFCPROPERTYSINGLEVALUE('Profile',$,IFCLABEL('PL100*8'),$);
#635= IFCPROPERTYSINGLEVALUE('Name',$,IFCLABEL('B'),$);
#636= IFCPROPERTYSET('1MMLZrLxDEIxmFaUBi5yj5',#5,'Tekla Common','Common Properties to Shared building elements',(#624,#625,#626,#627,#628,#629,#630,#631,#632,#633,#634,#635));
#637= IFCPROPERTYSINGLEVALUE('AssemblyWeight',$,IFCMASSMEASURE(373.796451265588),$);
#638= IFCPROPERTYSINGLEVALUE('Net weight',$,IFCMASSMEASURE(1.256),$);
#639= IFCPROPERTYSINGLEVALUE('Gross weight',$,IFCMASSMEASURE(1.256),$);
#640= IFCPROPERTYSINGLEVALUE('Weight',$,IFCMASSMEASURE(1.256),$);
#641= IFCPROPERTYSINGLEVALUE('Net volume',$,IFCVOLUMEMEASURE(0.00016),$);
#642= IFCPROPERTYSINGLEVALUE('Gross volume',$,IFCVOLUMEMEASURE(0.00016),$);
#643= IFCPROPERTYSINGLEVALUE('Volume',$,IFCVOLUMEMEASURE(0.00016),$);
#644= IFCPROPERTYSINGLEVALUE('Gross footprint area',$,IFCAREAMEASURE(0.0008),$);
#645= IFCPROPERTYSINGLEVALUE('Area per tons',$,IFCAREAMEASURE(35.6687898089172),$);
#646= IFCPROPERTYSINGLEVALUE('Net surface area',$,IFCAREAMEASURE(0.0448),$);
#647= IFCPROPERTYSINGLEVALUE('Gross area',$,IFCAREAMEASURE(0.0448),$);
#648= IFCPROPERTYSINGLEVALUE('Height',$,IFCLENGTHMEASURE(100.),$);
#649= IFCPROPERTYSINGLEVALUE('Width',$,IFCLENGTHMEASURE(8.),$);
#650= IFCPROPERTYSINGLEVALUE('Length',$,IFCLENGTHMEASURE(200.),$);
#651= IFCPROPERTYSET('3prPEqb_v8QfRl3QmWOMfr',#5,'Tekla Quantity','Quantity Properties to Shared building elements',(#637,#638,#639,#640,#641,#642,#643,#644,#645,#646,#647,#648,#649,#650));
#652= IFCPROPERTYSINGLEVALUE('MO_Storey',$,$,$);
#653= IFCPROPERTYSINGLEVALUE('MO_Section',$,$,$);
#654= IFCPROPERTYSET('2FNoubWa96Ugx$T5REiUZK',#5,'Tekla_ModelOrganizer',$,(#652,#653));
#655= IFCPROPERTYSINGLEVALUE('AssemblyDesignCheckedBy',$,$,$);
#656= IFCPROPERTYSINGLEVALUE('AssemblyDesignComment',$,$,$);
#657= IFCPROPERTYSINGLEVALUE('AssemblyDesignAssignedTo',$,$,$);
#658= IFCPROPERTYSINGLEVALUE('AssemblyDesignCode',$,$,$);
#659= IFCPROPERTYSINGLEVALUE('AssemblyDesignPlansStatus',$,$,$);
#660= IFCPROPERTYSINGLEVALUE('AssemblyDesignCheckDate',$,$,$);
#661= IFCPROPERTYSINGLEVALUE('AssemblyPlannedStartDesign',$,$,$);
#662= IFCPROPERTYSINGLEVALUE('AssemblyPlannedEndDesign',$,$,$);
#663= IFCPROPERTYSINGLEVALUE('AssemblyActualStartDesign',$,$,$);
#664= IFCPROPERTYSINGLEVALUE('AssemblyActualEndDesign',$,$,$);
#665= IFCPROPERTYSINGLEVALUE('AssemblyFabricationCode',$,$,$);
#666= IFCPROPERTYSINGLEVALUE('AssemblyFabricationDeliveryNumber',$,$,$);
#667= IFCPROPERTYSINGLEVALUE('AssemblyFabricationPackageNumber',$,$,$);
#668= IFCPROPERTYSINGLEVALUE('AssemblyFabricationShipmentNumber',$,$,$);
#669= IFCPROPERTYSINGLEVALUE('AssemblyFabricationStatus',$,$,$);
#670= IFCPROPERTYSINGLEVALUE('AssemblyPlannedStartFabrication',$,$,$);
#671= IFCPROPERTYSINGLEVALUE('AssemblyPlannedEndFabrication',$,$,$);
#672= IFCPROPERTYSINGLEVALUE('AssemblyActualStartFabrication',$,$,$);
#673= IFCPROPERTYSINGLEVALUE('AssemblyActualEndFabrication',$,$,$);
#674= IFCPROPERTYSINGLEVALUE('AssemblyErectionCode',$,$,$);
#675= IFCPROPERTYSINGLEVALUE('AssemblyErectionComment',$,$,$);
#676= IFCPROPERTYSINGLEVALUE('AssemblyErectionStatus',$,$,$);
#677= IFCPROPERTYSINGLEVALUE('AssemblyErectionCIPStatus',$,$,$);
#678= IFCPROPERTYSINGLEVALUE('AssemblyPlannedStartErection',$,$,$);
#679= IFCPROPERTYSINGLEVALUE('AssemblyPlannedEndErection',$,$,$);
#680= IFCPROPERTYSINGLEVALUE('AssemblyActualStartErection',$,$,$);
#681= IFCPROPERTYSINGLEVALUE('AssemblyActualEndErection',$,$,$);
#682= IFCPROPERTYSET('25l3g2XoHCjvrcO0ZRYxnb',#5,'Tekla_4D',$,(#655,#656,#657,#658,#659,#660,#661,#662,#663,#664,#665,#666,#667,#668,#669,#670,#671,#672,#673,#674,#675,#676,#677,#678,#679,#680,#681));
#683= IFCCARTESIANPOINT((1993.,5054.,11950.));
#684= IFCAXIS2PLACEMENT3D(#683,#54,#473);
#685= IFCLOCALPLACEMENT(#32,#684);
#686= IFCCARTESIANPOINT((150.,0.,0.));
#687= IFCAXIS2PLACEMENT3D(#686,#55,#54);
#688= IFCEXTRUDEDAREASOLID(#480,#687,#9,150.);
#689= IFCSHAPEREPRESENTATION(#12,'Body','SweptSolid',(#688));
#690= IFCSTYLEDITEM(#688,(#479),$);
#691= IFCPRODUCTDEFINITIONSHAPE($,$,(#689));
#692= IFCBEAM('1gXvyC00007p4tE3SoDpCo',#5,'B','PL100*8','PL100*8',#685,#691,'ID6a879f0c-0000-001f-3137-383732373332');
#693= IFCPROPERTYSINGLEVALUE('Bottom elevation',$,IFCLABEL(' +11.800'),$);
#694= IFCPROPERTYSINGLEVALUE('Top elevation',$,IFCLABEL(' +11.950'),$);
#695= IFCPROPERTYSINGLEVALUE('Part mark',$,IFCLABEL('B38'),$);
#696= IFCPROPERTYSINGLEVALUE('Assembly mark',$,IFCLABEL('4KL-5'),$);
#697= IFCPROPERTYSINGLEVALUE('Preliminary mark',$,IFCLABEL(''),$);
#698= IFCPROPERTYSINGLEVALUE('Control number',$,$,$);
#699= IFCPROPERTYSINGLEVALUE('Phase',$,IFCINTEGER(1),$);
#700= IFCPROPERTYSINGLEVALUE('Class',$,IFCLABEL('9'),$);
#701= IFCPROPERTYSINGLEVALUE('Finish',$,IFCLABEL(''),$);
#702= IFCPROPERTYSINGLEVALUE('Grade',$,IFCLABEL('Q355B'),$);
#703= IFCPROPERTYSINGLEVALUE('Profile',$,IFCLABEL('PL100*8'),$);
#704= IFCPROPERTYSINGLEVALUE('Name',$,IFCLABEL('B'),$);
#705= IFCPROPERTYSET('39S9aVBOL0XB$cstwZLhES',#5,'Tekla Common','Common Properties to Shared building elements',(#693,#694,#695,#696,#697,#698,#699,#700,#701,#702,#703,#704));
#706= IFCPROPERTYSINGLEVALUE('AssemblyWeight',$,IFCMASSMEASURE(373.796451265588),$);
#707= IFCPROPERTYSINGLEVALUE('Net weight',$,IFCMASSMEASURE(0.942),$);
#708= IFCPROPERTYSINGLEVALUE('Gross weight',$,IFCMASSMEASURE(0.942),$);
#709= IFCPROPERTYSINGLEVALUE('Weight',$,IFCMASSMEASURE(0.942),$);
#710= IFCPROPERTYSINGLEVALUE('Net volume',$,IFCVOLUMEMEASURE(0.00012),$);
#711= IFCPROPERTYSINGLEVALUE('Gross volume',$,IFCVOLUMEMEASURE(0.00012),$);
#712= IFCPROPERTYSINGLEVALUE('Volume',$,IFCVOLUMEMEASURE(0.00012),$);
#713= IFCPROPERTYSINGLEVALUE('Gross footprint area',$,IFCAREAMEASURE(0.0008),$);
#714= IFCPROPERTYSINGLEVALUE('Area per tons',$,IFCAREAMEASURE(36.0934182590234),$);
#715= IFCPROPERTYSINGLEVALUE('Net surface area',$,IFCAREAMEASURE(0.034),$);
#716= IFCPROPERTYSINGLEVALUE('Gross area',$,IFCAREAMEASURE(0.034),$);
#717= IFCPROPERTYSINGLEVALUE('Height',$,IFCLENGTHMEASURE(100.),$);
#718= IFCPROPERTYSINGLEVALUE('Width',$,IFCLENGTHMEASURE(8.),$);
#719= IFCPROPERTYSINGLEVALUE('Length',$,IFCLENGTHMEASURE(150.),$);
#720= IFCPROPERTYSET('2DRXvfoqf7FAjp0QBPN$U7',#5,'Tekla Quantity','Quantity Properties to Shared building elements',(#706,#707,#708,#709,#710,#711,#712,#713,#714,#715,#716,#717,#718,#719));
#721= IFCPROPERTYSINGLEVALUE('MO_Storey',$,$,$);
#722= IFCPROPERTYSINGLEVALUE('MO_Section',$,$,$);
#723= IFCPROPERTYSET('3AvnekvKL2qhvbiRjgtar$',#5,'Tekla_ModelOrganizer',$,(#721,#722));
#724= IFCPROPERTYSINGLEVALUE('AssemblyDesignCheckedBy',$,$,$);
#725= IFCPROPERTYSINGLEVALUE('AssemblyDesignComment',$,$,$);
#726= IFCPROPERTYSINGLEVALUE('AssemblyDesignAssignedTo',$,$,$);
#727= IFCPROPERTYSINGLEVALUE('AssemblyDesignCode',$,$,$);
#728= IFCPROPERTYSINGLEVALUE('AssemblyDesignPlansStatus',$,$,$);
#729= IFCPROPERTYSINGLEVALUE('AssemblyDesignCheckDate',$,$,$);
#730= IFCPROPERTYSINGLEVALUE('AssemblyPlannedStartDesign',$,$,$);
#731= IFCPROPERTYSINGLEVALUE('AssemblyPlannedEndDesign',$,$,$);
#732= IFCPROPERTYSINGLEVALUE('AssemblyActualStartDesign',$,$,$);
#733= IFCPROPERTYSINGLEVALUE('AssemblyActualEndDesign',$,$,$);
#734= IFCPROPERTYSINGLEVALUE('AssemblyFabricationCode',$,$,$);
#735= IFCPROPERTYSINGLEVALUE('AssemblyFabricationDeliveryNumber',$,$,$);
#736= IFCPROPERTYSINGLEVALUE('AssemblyFabricationPackageNumber',$,$,$);
#737= IFCPROPERTYSINGLEVALUE('AssemblyFabricationShipmentNumber',$,$,$);
#738= IFCPROPERTYSINGLEVALUE('AssemblyFabricationStatus',$,$,$);
#739= IFCPROPERTYSINGLEVALUE('AssemblyPlannedStartFabrication',$,$,$);
#740= IFCPROPERTYSINGLEVALUE('AssemblyPlannedEndFabrication',$,$,$);
#741= IFCPROPERTYSINGLEVALUE('AssemblyActualStartFabrication',$,$,$);
#742= IFCPROPERTYSINGLEVALUE('AssemblyActualEndFabrication',$,$,$);
#743= IFCPROPERTYSINGLEVALUE('AssemblyErectionCode',$,$,$);
#744= IFCPROPERTYSINGLEVALUE('AssemblyErectionComment',$,$,$);
#745= IFCPROPERTYSINGLEVALUE('AssemblyErectionStatus',$,$,$);
#746= IFCPROPERTYSINGLEVALUE('AssemblyErectionCIPStatus',$,$,$);
#747= IFCPROPERTYSINGLEVALUE('AssemblyPlannedStartErection',$,$,$);
#748= IFCPROPERTYSINGLEVALUE('AssemblyPlannedEndErection',$,$,$);
#749= IFCPROPERTYSINGLEVALUE('AssemblyActualStartErection',$,$,$);
#750= IFCPROPERTYSINGLEVALUE('AssemblyActualEndErection',$,$,$);
#751= IFCPROPERTYSET('18631pVQX9theLckBgo0$B',#5,'Tekla_4D',$,(#724,#725,#726,#727,#728,#729,#730,#731,#732,#733,#734,#735,#736,#737,#738,#739,#740,#741,#742,#743,#744,#745,#746,#747,#748,#749,#750));
#752= IFCQUANTITYLENGTH('Length',$,$,150.);
#753= IFCQUANTITYAREA('OuterSurfaceArea',$,$,0.034);
#754= IFCQUANTITYVOLUME('NetVolume',$,$,0.00012);
#755= IFCQUANTITYWEIGHT('NetWeight',$,$,0.942);
#756= IFCELEMENTQUANTITY('0VFFw7jjfEWQAass26aH1u',#5,'BaseQuantities',$,$,(#752,#753,#754,#755));
#757= IFCCARTESIANPOINT((3993.,5054.,11950.));
#758= IFCAXIS2PLACEMENT3D(#757,#54,#473);
#759= IFCLOCALPLACEMENT(#32,#758);
#760= IFCSHAPEREPRESENTATION(#12,'Body','SweptSolid',(#688));
#761= IFCPRODUCTDEFINITIONSHAPE($,$,(#760));
#762= IFCBEAM('1gXvyC0000D34tE3SoDpCp',#5,'B','PL100*8','PL100*8',#759,#761,'ID6a879f0c-0000-0034-3137-383732373333');
#763= IFCPROPERTYSINGLEVALUE('Bottom elevation',$,IFCLABEL(' +11.800'),$);
#764= IFCPROPERTYSINGLEVALUE('Top elevation',$,IFCLABEL(' +11.950'),$);
#765= IFCPROPERTYSINGLEVALUE('Part mark',$,IFCLABEL('B38'),$);
#766= IFCPROPERTYSINGLEVALUE('Assembly mark',$,IFCLABEL('4KL-5'),$);
#767= IFCPROPERTYSINGLEVALUE('Preliminary mark',$,IFCLABEL(''),$);
#768= IFCPROPERTYSINGLEVALUE('Control number',$,$,$);
#769= IFCPROPERTYSINGLEVALUE('Phase',$,IFCINTEGER(1),$);
#770= IFCPROPERTYSINGLEVALUE('Class',$,IFCLABEL('9'),$);
#771= IFCPROPERTYSINGLEVALUE('Finish',$,IFCLABEL(''),$);
#772= IFCPROPERTYSINGLEVALUE('Grade',$,IFCLABEL('Q355B'),$);
#773= IFCPROPERTYSINGLEVALUE('Profile',$,IFCLABEL('PL100*8'),$);
#774= IFCPROPERTYSINGLEVALUE('Name',$,IFCLABEL('B'),$);
#775= IFCPROPERTYSET('2UR1uu1mjESBZZlIBNhiVN',#5,'Tekla Common','Common Properties to Shared building elements',(#763,#764,#765,#766,#767,#768,#769,#770,#771,#772,#773,#774));
#776= IFCPROPERTYSINGLEVALUE('AssemblyWeight',$,IFCMASSMEASURE(373.796451265588),$);
#777= IFCPROPERTYSINGLEVALUE('Net weight',$,IFCMASSMEASURE(0.942),$);
#778= IFCPROPERTYSINGLEVALUE('Gross weight',$,IFCMASSMEASURE(0.942),$);
#779= IFCPROPERTYSINGLEVALUE('Weight',$,IFCMASSMEASURE(0.942),$);
#780= IFCPROPERTYSINGLEVALUE('Net volume',$,IFCVOLUMEMEASURE(0.00012),$);
#781= IFCPROPERTYSINGLEVALUE('Gross volume',$,IFCVOLUMEMEASURE(0.00012),$);
#782= IFCPROPERTYSINGLEVALUE('Volume',$,IFCVOLUMEMEASURE(0.00012),$);
#783= IFCPROPERTYSINGLEVALUE('Gross footprint area',$,IFCAREAMEASURE(0.0008),$);
#784= IFCPROPERTYSINGLEVALUE('Area per tons',$,IFCAREAMEASURE(36.0934182590234),$);
#785= IFCPROPERTYSINGLEVALUE('Net surface area',$,IFCAREAMEASURE(0.034),$);
#786= IFCPROPERTYSINGLEVALUE('Gross area',$,IFCAREAMEASURE(0.034),$);
#787= IFCPROPERTYSINGLEVALUE('Height',$,IFCLENGTHMEASURE(100.),$);
#788= IFCPROPERTYSINGLEVALUE('Width',$,IFCLENGTHMEASURE(8.),$);
#789= IFCPROPERTYSINGLEVALUE('Length',$,IFCLENGTHMEASURE(150.),$);
#790= IFCPROPERTYSET('2b1SRWP4f8TufPWryUcw0r',#5,'Tekla Quantity','Quantity Properties to Shared building elements',(#776,#777,#778,#779,#780,#781,#782,#783,#784,#785,#786,#787,#788,#789));
#791= IFCPROPERTYSINGLEVALUE('MO_Storey',$,$,$);
#792= IFCPROPERTYSINGLEVALUE('MO_Section',$,$,$);
#793= IFCPROPERTYSET('1MjMbEquDEJgx1Oie1CDQS',#5,'Tekla_ModelOrganizer',$,(#791,#792));
#794= IFCPROPERTYSINGLEVALUE('AssemblyDesignCheckedBy',$,$,$);
#795= IFCPROPERTYSINGLEVALUE('AssemblyDesignComment',$,$,$);
#796= IFCPROPERTYSINGLEVALUE('AssemblyDesignAssignedTo',$,$,$);
#797= IFCPROPERTYSINGLEVALUE('AssemblyDesignCode',$,$,$);
#798= IFCPROPERTYSINGLEVALUE('AssemblyDesignPlansStatus',$,$,$);
#799= IFCPROPERTYSINGLEVALUE('AssemblyDesignCheckDate',$,$,$);
#800= IFCPROPERTYSINGLEVALUE('AssemblyPlannedStartDesign',$,$,$);
#801= IFCPROPERTYSINGLEVALUE('AssemblyPlannedEndDesign',$,$,$);
#802= IFCPROPERTYSINGLEVALUE('AssemblyActualStartDesign',$,$,$);
#803= IFCPROPERTYSINGLEVALUE('AssemblyActualEndDesign',$,$,$);
#804= IFCPROPERTYSINGLEVALUE('AssemblyFabricationCode',$,$,$);
#805= IFCPROPERTYSINGLEVALUE('AssemblyFabricationDeliveryNumber',$,$,$);
#806= IFCPROPERTYSINGLEVALUE('AssemblyFabricationPackageNumber',$,$,$);
#807= IFCPROPERTYSINGLEVALUE('AssemblyFabricationShipmentNumber',$,$,$);
#808= IFCPROPERTYSINGLEVALUE('AssemblyFabricationStatus',$,$,$);
#809= IFCPROPERTYSINGLEVALUE('AssemblyPlannedStartFabrication',$,$,$);
#810= IFCPROPERTYSINGLEVALUE('AssemblyPlannedEndFabrication',$,$,$);
#811= IFCPROPERTYSINGLEVALUE('AssemblyActualStartFabrication',$,$,$);
#812= IFCPROPERTYSINGLEVALUE('AssemblyActualEndFabrication',$,$,$);
#813= IFCPROPERTYSINGLEVALUE('AssemblyErectionCode',$,$,$);
#814= IFCPROPERTYSINGLEVALUE('AssemblyErectionComment',$,$,$);
#815= IFCPROPERTYSINGLEVALUE('AssemblyErectionStatus',$,$,$);
#816= IFCPROPERTYSINGLEVALUE('AssemblyErectionCIPStatus',$,$,$);
#817= IFCPROPERTYSINGLEVALUE('AssemblyPlannedStartErection',$,$,$);
#818= IFCPROPERTYSINGLEVALUE('AssemblyPlannedEndErection',$,$,$);
#819= IFCPROPERTYSINGLEVALUE('AssemblyActualStartErection',$,$,$);
#820= IFCPROPERTYSINGLEVALUE('AssemblyActualEndErection',$,$,$);
#821= IFCPROPERTYSET('1eoK2$7yL2egWjDhelI_J$',#5,'Tekla_4D',$,(#794,#795,#796,#797,#798,#799,#800,#801,#802,#803,#804,#805,#806,#807,#808,#809,#810,#811,#812,#813,#814,#815,#816,#817,#818,#819,#820));
#822= IFCCARTESIANPOINT((4917.75,5100.,11613.0000007704));
#823= IFCAXIS2PLACEMENT3D(#822,#55,#54);
#824= IFCLOCALPLACEMENT(#32,#823);
#825= IFCCARTESIANPOINT((0.,0.,4.));
#826= IFCCARTESIANPOINT((2.78232619166374E-008,374.,4.));
#827= IFCCARTESIANPOINT((2.78232619166374E-008,374.,-4.));
#828= IFCCARTESIANPOINT((0.,0.,-4.));
#829= IFCPOLYLOOP((#825,#826,#827,#828));
#830= IFCFACEOUTERBOUND(#829,.T.);
#831= IFCFACE((#830));
#832= IFCCARTESIANPOINT((76.,374.,4.));
#833= IFCCARTESIANPOINT((76.,374.,-4.));
#834= IFCPOLYLOOP((#826,#832,#833,#827));
#835= IFCFACEOUTERBOUND(#834,.T.);
#836= IFCFACE((#835));
#837= IFCCARTESIANPOINT((96.,354.,4.));
#838= IFCCARTESIANPOINT((96.,354.,-4.));
#839= IFCPOLYLOOP((#832,#837,#838,#833));
#840= IFCFACEOUTERBOUND(#839,.T.);
#841= IFCFACE((#840));
#842= IFCCARTESIANPOINT((96.,20.,4.));
#843= IFCCARTESIANPOINT((96.,20.,-4.));
#844= IFCPOLYLOOP((#837,#842,#843,#838));
#845= IFCFACEOUTERBOUND(#844,.T.);
#846= IFCFACE((#845));
#847= IFCCARTESIANPOINT((76.,0.,4.));
#848= IFCCARTESIANPOINT((76.,0.,-4.));
#849= IFCPOLYLOOP((#842,#847,#848,#843));
#850= IFCFACEOUTERBOUND(#849,.T.);
#851= IFCFACE((#850));
#852= IFCPOLYLOOP((#847,#825,#828,#848));
#853= IFCFACEOUTERBOUND(#852,.T.);
#854= IFCFACE((#853));
#855= IFCPOLYLOOP((#833,#838,#843,#848,#828,#827));
#856= IFCFACEOUTERBOUND(#855,.T.);
#857= IFCFACE((#856));
#858= IFCPOLYLOOP((#847,#842,#837,#832,#826,#825));
#859= IFCFACEOUTERBOUND(#858,.T.);
#860= IFCFACE((#859));
#861= IFCCLOSEDSHELL((#831,#836,#841,#846,#851,#854,#857,#860));
#862= IFCFACETEDBREP(#861);
#863= IFCSTYLEDITEM(#862,(#479),$);
#864= IFCSHAPEREPRESENTATION(#12,'Body','Brep',(#862));
#865= IFCPRODUCTDEFINITIONSHAPE($,$,(#864));
#866= IFCPLATE('1gYvWV0005TZ4tE3SrCpav',#5,'PLATE','PL8*96','PL8*96',#824,#865,'ID6a8b981f-0000-0576-3137-383735333939');
#867= IFCPLATETYPE('3fMEeHv55C_8rPA_Hl0lqR',#5,'PL8*96',$,$,$,$,$,$,.NOTDEFINED.);
#868= IFCPROPERTYSINGLEVALUE('Bottom elevation',$,IFCLABEL(' +11.613'),$);
#869= IFCPROPERTYSINGLEVALUE('Top elevation',$,IFCLABEL(' +11.987'),$);
#870= IFCPROPERTYSINGLEVALUE('Part mark',$,IFCLABEL('B27'),$);
#871= IFCPROPERTYSINGLEVALUE('Assembly mark',$,IFCLABEL('4KL-5'),$);
#872= IFCPROPERTYSINGLEVALUE('Preliminary mark',$,IFCLABEL(''),$);
#873= IFCPROPERTYSINGLEVALUE('Control number',$,$,$);
#874= IFCPROPERTYSINGLEVALUE('Phase',$,IFCINTEGER(1),$);
#875= IFCPROPERTYSINGLEVALUE('Class',$,IFCLABEL('9'),$);
#876= IFCPROPERTYSINGLEVALUE('Finish',$,IFCLABEL(''),$);
#877= IFCPROPERTYSINGLEVALUE('Grade',$,IFCLABEL('Q355B'),$);
#878= IFCPROPERTYSINGLEVALUE('Profile',$,IFCLABEL('PL8*96'),$);
#879= IFCPROPERTYSINGLEVALUE('Name',$,IFCLABEL('PLATE'),$);
#880= IFCPROPERTYSET('2Vaj0QmrP2kQr7pHopJm6c',#5,'Tekla Common','Common Properties to Shared building elements',(#868,#869,#870,#871,#872,#873,#874,#875,#876,#877,#878,#879));
#881= IFCPROPERTYSINGLEVALUE('AssemblyWeight',$,IFCMASSMEASURE(373.796451265588),$);
#882= IFCPROPERTYSINGLEVALUE('Net weight',$,IFCMASSMEASURE(2.22965119967325),$);
#883= IFCPROPERTYSINGLEVALUE('Gross weight',$,IFCMASSMEASURE(2.25477120000076),$);
#884= IFCPROPERTYSINGLEVALUE('Weight',$,IFCMASSMEASURE(2.22965119967325),$);
#885= IFCPROPERTYSINGLEVALUE('Net volume',$,IFCVOLUMEMEASURE(0.000284031999958376),$);
#886= IFCPROPERTYSINGLEVALUE('Gross volume',$,IFCVOLUMEMEASURE(0.000284031999958376),$);
#887= IFCPROPERTYSINGLEVALUE('Volume',$,IFCVOLUMEMEASURE(0.000284031999958376),$);
#888= IFCPROPERTYSINGLEVALUE('Gross footprint area',$,IFCAREAMEASURE(0.000607999999777414),$);
#889= IFCPROPERTYSINGLEVALUE('Area per tons',$,IFCAREAMEASURE(35.1357864139518),$);
#890= IFCPROPERTYSINGLEVALUE('Net surface area',$,IFCAREAMEASURE(0.0783405483293309),$);
#891= IFCPROPERTYSINGLEVALUE('Gross area',$,IFCAREAMEASURE(0.0359040000000121),$);
#892= IFCPROPERTYSINGLEVALUE('Height',$,IFCLENGTHMEASURE(95.9999999985776),$);
#893= IFCPROPERTYSINGLEVALUE('Width',$,IFCLENGTHMEASURE(8.),$);
#894= IFCPROPERTYSINGLEVALUE('Length',$,IFCLENGTHMEASURE(374.000000005668),$);
#895= IFCPROPERTYSET('2hnC2_kMf5nxkL_z0dY3JU',#5,'Tekla Quantity','Quantity Properties to Shared building elements',(#881,#882,#883,#884,#885,#886,#887,#888,#889,#890,#891,#892,#893,#894));
#896= IFCPROPERTYSINGLEVALUE('MO_Storey',$,$,$);
#897= IFCPROPERTYSINGLEVALUE('MO_Section',$,$,$);
#898= IFCPROPERTYSET('0m6IyBtfb86R51WZmLNUBJ',#5,'Tekla_ModelOrganizer',$,(#896,#897));
#899= IFCPROPERTYSINGLEVALUE('AssemblyDesignCheckedBy',$,$,$);
#900= IFCPROPERTYSINGLEVALUE('AssemblyDesignComment',$,$,$);
#901= IFCPROPERTYSINGLEVALUE('AssemblyDesignAssignedTo',$,$,$);
#902= IFCPROPERTYSINGLEVALUE('AssemblyDesignCode',$,$,$);
#903= IFCPROPERTYSINGLEVALUE('AssemblyDesignPlansStatus',$,$,$);
#904= IFCPROPERTYSINGLEVALUE('AssemblyDesignCheckDate',$,$,$);
#905= IFCPROPERTYSINGLEVALUE('AssemblyPlannedStartDesign',$,$,$);
#906= IFCPROPERTYSINGLEVALUE('AssemblyPlannedEndDesign',$,$,$);
#907= IFCPROPERTYSINGLEVALUE('AssemblyActualStartDesign',$,$,$);
#908= IFCPROPERTYSINGLEVALUE('AssemblyActualEndDesign',$,$,$);
#909= IFCPROPERTYSINGLEVALUE('AssemblyFabricationCode',$,$,$);
#910= IFCPROPERTYSINGLEVALUE('AssemblyFabricationDeliveryNumber',$,$,$);
#911= IFCPROPERTYSINGLEVALUE('AssemblyFabricationPackageNumber',$,$,$);
#912= IFCPROPERTYSINGLEVALUE('AssemblyFabricationShipmentNumber',$,$,$);
#913= IFCPROPERTYSINGLEVALUE('AssemblyFabricationStatus',$,$,$);
#914= IFCPROPERTYSINGLEVALUE('AssemblyPlannedStartFabrication',$,$,$);
#915= IFCPROPERTYSINGLEVALUE('AssemblyPlannedEndFabrication',$,$,$);
#916= IFCPROPERTYSINGLEVALUE('AssemblyActualStartFabrication',$,$,$);
#917= IFCPROPERTYSINGLEVALUE('AssemblyActualEndFabrication',$,$,$);
#918= IFCPROPERTYSINGLEVALUE('AssemblyErectionCode',$,$,$);
#919= IFCPROPERTYSINGLEVALUE('AssemblyErectionComment',$,$,$);
#920= IFCPROPERTYSINGLEVALUE('AssemblyErectionStatus',$,$,$);
#921= IFCPROPERTYSINGLEVALUE('AssemblyErectionCIPStatus',$,$,$);
#922= IFCPROPERTYSINGLEVALUE('AssemblyPlannedStartErection',$,$,$);
#923= IFCPROPERTYSINGLEVALUE('AssemblyPlannedEndErection',$,$,$);
#924= IFCPROPERTYSINGLEVALUE('AssemblyActualStartErection',$,$,$);
#925= IFCPROPERTYSINGLEVALUE('AssemblyActualEndErection',$,$,$);
#926= IFCPROPERTYSET('19kbQxCVP0y8oXQgHF$SaB',#5,'Tekla_4D',$,(#899,#900,#901,#902,#903,#904,#905,#906,#907,#908,#909,#910,#911,#912,#913,#914,#915,#916,#917,#918,#919,#920,#921,#922,#923,#924,#925));
#927= IFCCARTESIANPOINT((1993.,4900.,11613.0000007704));
#928= IFCAXIS2PLACEMENT3D(#927,#7,#8);
#929= IFCLOCALPLACEMENT(#32,#928);
#930= IFCSHAPEREPRESENTATION(#12,'Body','Brep',(#862));
#931= IFCPRODUCTDEFINITIONSHAPE($,$,(#930));
#932= IFCPLATE('1gYvWV0005UZ4tE3SrCpav',#5,'PLATE','PL8*96','PL8*96',#929,#931,'ID6a8b981f-0000-057a-3137-383735333939');
#933= IFCPROPERTYSINGLEVALUE('Bottom elevation',$,IFCLABEL(' +11.613'),$);
#934= IFCPROPERTYSINGLEVALUE('Top elevation',$,IFCLABEL(' +11.987'),$);
#935= IFCPROPERTYSINGLEVALUE('Part mark',$,IFCLABEL('B27'),$);
#936= IFCPROPERTYSINGLEVALUE('Assembly mark',$,IFCLABEL('4KL-5'),$);
#937= IFCPROPERTYSINGLEVALUE('Preliminary mark',$,IFCLABEL(''),$);
#938= IFCPROPERTYSINGLEVALUE('Control number',$,$,$);
#939= IFCPROPERTYSINGLEVALUE('Phase',$,IFCINTEGER(1),$);
#940= IFCPROPERTYSINGLEVALUE('Class',$,IFCLABEL('9'),$);
#941= IFCPROPERTYSINGLEVALUE('Finish',$,IFCLABEL(''),$);
#942= IFCPROPERTYSINGLEVALUE('Grade',$,IFCLABEL('Q355B'),$);
#943= IFCPROPERTYSINGLEVALUE('Profile',$,IFCLABEL('PL8*96'),$);
#944= IFCPROPERTYSINGLEVALUE('Name',$,IFCLABEL('PLATE'),$);
#945= IFCPROPERTYSET('3LsTfsknDDlvme0TQtzIsf',#5,'Tekla Common','Common Properties to Shared building elements',(#933,#934,#935,#936,#937,#938,#939,#940,#941,#942,#943,#944));
#946= IFCPROPERTYSINGLEVALUE('AssemblyWeight',$,IFCMASSMEASURE(373.796451265588),$);
#947= IFCPROPERTYSINGLEVALUE('Net weight',$,IFCMASSMEASURE(2.22965119967325),$);
#948= IFCPROPERTYSINGLEVALUE('Gross weight',$,IFCMASSMEASURE(2.25477120000076),$);
#949= IFCPROPERTYSINGLEVALUE('Weight',$,IFCMASSMEASURE(2.22965119967325),$);
#950= IFCPROPERTYSINGLEVALUE('Net volume',$,IFCVOLUMEMEASURE(0.000284031999958376),$);
#951= IFCPROPERTYSINGLEVALUE('Gross volume',$,IFCVOLUMEMEASURE(0.000284031999958376),$);
#952= IFCPROPERTYSINGLEVALUE('Volume',$,IFCVOLUMEMEASURE(0.000284031999958376),$);
#953= IFCPROPERTYSINGLEVALUE('Gross footprint area',$,IFCAREAMEASURE(0.000607999999777414),$);
#954= IFCPROPERTYSINGLEVALUE('Area per tons',$,IFCAREAMEASURE(35.1357864139518),$);
#955= IFCPROPERTYSINGLEVALUE('Net surface area',$,IFCAREAMEASURE(0.0783405483293309),$);
#956= IFCPROPERTYSINGLEVALUE('Gross area',$,IFCAREAMEASURE(0.0359040000000121),$);
#957= IFCPROPERTYSINGLEVALUE('Height',$,IFCLENGTHMEASURE(95.9999999985776),$);
#958= IFCPROPERTYSINGLEVALUE('Width',$,IFCLENGTHMEASURE(8.),$);
#959= IFCPROPERTYSINGLEVALUE('Length',$,IFCLENGTHMEASURE(374.000000005668),$);
#960= IFCPROPERTYSET('2dd$RnvuT3f8Y8eiwaqKOi',#5,'Tekla Quantity','Quantity Properties to Shared building elements',(#946,#947,#948,#949,#950,#951,#952,#953,#954,#955,#956,#957,#958,#959));
#961= IFCPROPERTYSINGLEVALUE('MO_Storey',$,$,$);
#962= IFCPROPERTYSINGLEVALUE('MO_Section',$,$,$);
#963= IFCPROPERTYSET('3RbMtTc1992AaEMVbiMhLK',#5,'Tekla_ModelOrganizer',$,(#961,#962));
#964= IFCPROPERTYSINGLEVALUE('AssemblyDesignCheckedBy',$,$,$);
#965= IFCPROPERTYSINGLEVALUE('AssemblyDesignComment',$,$,$);
#966= IFCPROPERTYSINGLEVALUE('AssemblyDesignAssignedTo',$,$,$);
#967= IFCPROPERTYSINGLEVALUE('AssemblyDesignCode',$,$,$);
#968= IFCPROPERTYSINGLEVALUE('AssemblyDesignPlansStatus',$,$,$);
#969= IFCPROPERTYSINGLEVALUE('AssemblyDesignCheckDate',$,$,$);
#970= IFCPROPERTYSINGLEVALUE('AssemblyPlannedStartDesign',$,$,$);
#971= IFCPROPERTYSINGLEVALUE('AssemblyPlannedEndDesign',$,$,$);
#972= IFCPROPERTYSINGLEVALUE('AssemblyActualStartDesign',$,$,$);
#973= IFCPROPERTYSINGLEVALUE('AssemblyActualEndDesign',$,$,$);
#974= IFCPROPERTYSINGLEVALUE('AssemblyFabricationCode',$,$,$);
#975= IFCPROPERTYSINGLEVALUE('AssemblyFabricationDeliveryNumber',$,$,$);
#976= IFCPROPERTYSINGLEVALUE('AssemblyFabricationPackageNumber',$,$,$);
#977= IFCPROPERTYSINGLEVALUE('AssemblyFabricationShipmentNumber',$,$,$);
#978= IFCPROPERTYSINGLEVALUE('AssemblyFabricationStatus',$,$,$);
#979= IFCPROPERTYSINGLEVALUE('AssemblyPlannedStartFabrication',$,$,$);
#980= IFCPROPERTYSINGLEVALUE('AssemblyPlannedEndFabrication',$,$,$);
#981= IFCPROPERTYSINGLEVALUE('AssemblyActualStartFabrication',$,$,$);
#982= IFCPROPERTYSINGLEVALUE('AssemblyActualEndFabrication',$,$,$);
#983= IFCPROPERTYSINGLEVALUE('AssemblyErectionCode',$,$,$);
#984= IFCPROPERTYSINGLEVALUE('AssemblyErectionComment',$,$,$);
#985= IFCPROPERTYSINGLEVALUE('AssemblyErectionStatus',$,$,$);
#986= IFCPROPERTYSINGLEVALUE('AssemblyErectionCIPStatus',$,$,$);
#987= IFCPROPERTYSINGLEVALUE('AssemblyPlannedStartErection',$,$,$);
#988= IFCPROPERTYSINGLEVALUE('AssemblyPlannedEndErection',$,$,$);
#989= IFCPROPERTYSINGLEVALUE('AssemblyActualStartErection',$,$,$);
#990= IFCPROPERTYSINGLEVALUE('AssemblyActualEndErection',$,$,$);
#991= IFCPROPERTYSET('1LFvqbgP53wBwuyLcK5Hqk',#5,'Tekla_4D',$,(#964,#965,#966,#967,#968,#969,#970,#971,#972,#973,#974,#975,#976,#977,#978,#979,#980,#981,#982,#983,#984,#985,#986,#987,#988,#989,#990));
#992= IFCCARTESIANPOINT((3467.75,5100.,11613.0000007704));
#993= IFCAXIS2PLACEMENT3D(#992,#55,#54);
#994= IFCLOCALPLACEMENT(#32,#993);
#995= IFCSHAPEREPRESENTATION(#12,'Body','Brep',(#862));
#996= IFCPRODUCTDEFINITIONSHAPE($,$,(#995));
#997= IFCPLATE('1gYvWV0005XZ4tE3SrD30m',#5,'PLATE','PL8*96','PL8*96',#994,#996,'ID6a8b981f-0000-0586-3137-383735343030');
#998= IFCPROPERTYSINGLEVALUE('Bottom elevation',$,IFCLABEL(' +11.613'),$);
#999= IFCPROPERTYSINGLEVALUE('Top elevation',$,IFCLABEL(' +11.987'),$);
#1000= IFCPROPERTYSINGLEVALUE('Part mark',$,IFCLABEL('B27'),$);
#1001= IFCPROPERTYSINGLEVALUE('Assembly mark',$,IFCLABEL('4KL-5'),$);
#1002= IFCPROPERTYSINGLEVALUE('Preliminary mark',$,IFCLABEL(''),$);
#1003= IFCPROPERTYSINGLEVALUE('Control number',$,$,$);
#1004= IFCPROPERTYSINGLEVALUE('Phase',$,IFCINTEGER(1),$);
#1005= IFCPROPERTYSINGLEVALUE('Class',$,IFCLABEL('9'),$);
#1006= IFCPROPERTYSINGLEVALUE('Finish',$,IFCLABEL(''),$);
#1007= IFCPROPERTYSINGLEVALUE('Grade',$,IFCLABEL('Q355B'),$);
#1008= IFCPROPERTYSINGLEVALUE('Profile',$,IFCLABEL('PL8*96'),$);
#1009= IFCPROPERTYSINGLEVALUE('Name',$,IFCLABEL('PLATE'),$);
#1010= IFCPROPERTYSET('1q8M36sY50UhjtOentqs_F',#5,'Tekla Common','Common Properties to Shared building elements',(#998,#999,#1000,#1001,#1002,#1003,#1004,#1005,#1006,#1007,#1008,#1009));
#1011= IFCPROPERTYSINGLEVALUE('AssemblyWeight',$,IFCMASSMEASURE(373.796451265588),$);
#1012= IFCPROPERTYSINGLEVALUE('Net weight',$,IFCMASSMEASURE(2.22965119967325),$);
#1013= IFCPROPERTYSINGLEVALUE('Gross weight',$,IFCMASSMEASURE(2.25477120000076),$);
#1014= IFCPROPERTYSINGLEVALUE('Weight',$,IFCMASSMEASURE(2.22965119967325),$);
#1015= IFCPROPERTYSINGLEVALUE('Net volume',$,IFCVOLUMEMEASURE(0.000284031999958376),$);
#1016= IFCPROPERTYSINGLEVALUE('Gross volume',$,IFCVOLUMEMEASURE(0.000284031999958376),$);
#1017= IFCPROPERTYSINGLEVALUE('Volume',$,IFCVOLUMEMEASURE(0.000284031999958376),$);
#1018= IFCPROPERTYSINGLEVALUE('Gross footprint area',$,IFCAREAMEASURE(0.000607999999777414),$);
#1019= IFCPROPERTYSINGLEVALUE('Area per tons',$,IFCAREAMEASURE(35.1357864139518),$);
#1020= IFCPROPERTYSINGLEVALUE('Net surface area',$,IFCAREAMEASURE(0.0783405483293309),$);
#1021= IFCPROPERTYSINGLEVALUE('Gross area',$,IFCAREAMEASURE(0.0359040000000121),$);
#1022= IFCPROPERTYSINGLEVALUE('Height',$,IFCLENGTHMEASURE(95.9999999985776),$);
#1023= IFCPROPERTYSINGLEVALUE('Width',$,IFCLENGTHMEASURE(8.),$);
#1024= IFCPROPERTYSINGLEVALUE('Length',$,IFCLENGTHMEASURE(374.000000005668),$);
#1025= IFCPROPERTYSET('2g5dkwz593ywLUu8kaySa5',#5,'Tekla Quantity','Quantity Properties to Shared building elements',(#1011,#1012,#1013,#1014,#1015,#1016,#1017,#1018,#1019,#1020,#1021,#1022,#1023,#1024));
#1026= IFCPROPERTYSINGLEVALUE('MO_Storey',$,$,$);
#1027= IFCPROPERTYSINGLEVALUE('MO_Section',$,$,$);
#1028= IFCPROPERTYSET('0DnRWRUkn7WxFoZhZ84jPh',#5,'Tekla_ModelOrganizer',$,(#1026,#1027));
#1029= IFCPROPERTYSINGLEVALUE('AssemblyDesignCheckedBy',$,$,$);
#1030= IFCPROPERTYSINGLEVALUE('AssemblyDesignComment',$,$,$);
#1031= IFCPROPERTYSINGLEVALUE('AssemblyDesignAssignedTo',$,$,$);
#1032= IFCPROPERTYSINGLEVALUE('AssemblyDesignCode',$,$,$);
#1033= IFCPROPERTYSINGLEVALUE('AssemblyDesignPlansStatus',$,$,$);
#1034= IFCPROPERTYSINGLEVALUE('AssemblyDesignCheckDate',$,$,$);
#1035= IFCPROPERTYSINGLEVALUE('AssemblyPlannedStartDesign',$,$,$);
#1036= IFCPROPERTYSINGLEVALUE('AssemblyPlannedEndDesign',$,$,$);
#1037= IFCPROPERTYSINGLEVALUE('AssemblyActualStartDesign',$,$,$);
#1038= IFCPROPERTYSINGLEVALUE('AssemblyActualEndDesign',$,$,$);
#1039= IFCPROPERTYSINGLEVALUE('AssemblyFabricationCode',$,$,$);
#1040= IFCPROPERTYSINGLEVALUE('AssemblyFabricationDeliveryNumber',$,$,$);
#1041= IFCPROPERTYSINGLEVALUE('AssemblyFabricationPackageNumber',$,$,$);
#1042= IFCPROPERTYSINGLEVALUE('AssemblyFabricationShipmentNumber',$,$,$);
#1043= IFCPROPERTYSINGLEVALUE('AssemblyFabricationStatus',$,$,$);
#1044= IFCPROPERTYSINGLEVALUE('AssemblyPlannedStartFabrication',$,$,$);
#1045= IFCPROPERTYSINGLEVALUE('AssemblyPlannedEndFabrication',$,$,$);
#1046= IFCPROPERTYSINGLEVALUE('AssemblyActualStartFabrication',$,$,$);
#1047= IFCPROPERTYSINGLEVALUE('AssemblyActualEndFabrication',$,$,$);
#1048= IFCPROPERTYSINGLEVALUE('AssemblyErectionCode',$,$,$);
#1049= IFCPROPERTYSINGLEVALUE('AssemblyErectionComment',$,$,$);
#1050= IFCPROPERTYSINGLEVALUE('AssemblyErectionStatus',$,$,$);
#1051= IFCPROPERTYSINGLEVALUE('AssemblyErectionCIPStatus',$,$,$);
#1052= IFCPROPERTYSINGLEVALUE('AssemblyPlannedStartErection',$,$,$);
#1053= IFCPROPERTYSINGLEVALUE('AssemblyPlannedEndErection',$,$,$);
#1054= IFCPROPERTYSINGLEVALUE('AssemblyActualStartErection',$,$,$);
#1055= IFCPROPERTYSINGLEVALUE('AssemblyActualEndErection',$,$,$);
#1056= IFCPROPERTYSET('0FPKXBl_b69xF9BOjFaPgz',#5,'Tekla_4D',$,(#1029,#1030,#1031,#1032,#1033,#1034,#1035,#1036,#1037,#1038,#1039,#1040,#1041,#1042,#1043,#1044,#1045,#1046,#1047,#1048,#1049,#1050,#1051,#1052,#1053,#1054,#1055));
#1057= IFCCARTESIANPOINT((1267.75,5100.,11613.0000007704));
#1058= IFCAXIS2PLACEMENT3D(#1057,#55,#54);
#1059= IFCLOCALPLACEMENT(#32,#1058);
#1060= IFCSHAPEREPRESENTATION(#12,'Body','Brep',(#862));
#1061= IFCPRODUCTDEFINITIONSHAPE($,$,(#1060));
#1062= IFCPLATE('1gYvWV0005ZZ4tE3SrD30m',#5,'PLATE','PL8*96','PL8*96',#1059,#1061,'ID6a8b981f-0000-058e-3137-383735343030');
#1063= IFCPROPERTYSINGLEVALUE('Bottom elevation',$,IFCLABEL(' +11.613'),$);
#1064= IFCPROPERTYSINGLEVALUE('Top elevation',$,IFCLABEL(' +11.987'),$);
#1065= IFCPROPERTYSINGLEVALUE('Part mark',$,IFCLABEL('B27'),$);
#1066= IFCPROPERTYSINGLEVALUE('Assembly mark',$,IFCLABEL('4KL-5'),$);
#1067= IFCPROPERTYSINGLEVALUE('Preliminary mark',$,IFCLABEL(''),$);
#1068= IFCPROPERTYSINGLEVALUE('Control number',$,$,$);
#1069= IFCPROPERTYSINGLEVALUE('Phase',$,IFCINTEGER(1),$);
#1070= IFCPROPERTYSINGLEVALUE('Class',$,IFCLABEL('9'),$);
#1071= IFCPROPERTYSINGLEVALUE('Finish',$,IFCLABEL(''),$);
#1072= IFCPROPERTYSINGLEVALUE('Grade',$,IFCLABEL('Q355B'),$);
#1073= IFCPROPERTYSINGLEVALUE('Profile',$,IFCLABEL('PL8*96'),$);
#1074= IFCPROPERTYSINGLEVALUE('Name',$,IFCLABEL('PLATE'),$);
#1075= IFCPROPERTYSET('0knneX0vP64AkaGyQw_8cq',#5,'Tekla Common','Common Properties to Shared building elements',(#1063,#1064,#1065,#1066,#1067,#1068,#1069,#1070,#1071,#1072,#1073,#1074));
#1076= IFCPROPERTYSINGLEVALUE('AssemblyWeight',$,IFCMASSMEASURE(373.796451265588),$);
#1077= IFCPROPERTYSINGLEVALUE('Net weight',$,IFCMASSMEASURE(2.22965119967325),$);
#1078= IFCPROPERTYSINGLEVALUE('Gross weight',$,IFCMASSMEASURE(2.25477120000076),$);
#1079= IFCPROPERTYSINGLEVALUE('Weight',$,IFCMASSMEASURE(2.22965119967325),$);
#1080= IFCPROPERTYSINGLEVALUE('Net volume',$,IFCVOLUMEMEASURE(0.000284031999958376),$);
#1081= IFCPROPERTYSINGLEVALUE('Gross volume',$,IFCVOLUMEMEASURE(0.000284031999958376),$);
#1082= IFCPROPERTYSINGLEVALUE('Volume',$,IFCVOLUMEMEASURE(0.000284031999958376),$);
#1083= IFCPROPERTYSINGLEVALUE('Gross footprint area',$,IFCAREAMEASURE(0.000607999999777414),$);
#1084= IFCPROPERTYSINGLEVALUE('Area per tons',$,IFCAREAMEASURE(35.1357864139518),$);
#1085= IFCPROPERTYSINGLEVALUE('Net surface area',$,IFCAREAMEASURE(0.0783405483293309),$);
#1086= IFCPROPERTYSINGLEVALUE('Gross area',$,IFCAREAMEASURE(0.0359040000000121),$);
#1087= IFCPROPERTYSINGLEVALUE('Height',$,IFCLENGTHMEASURE(95.9999999985776),$);
#1088= IFCPROPERTYSINGLEVALUE('Width',$,IFCLENGTHMEASURE(8.),$);
#1089= IFCPROPERTYSINGLEVALUE('Length',$,IFCLENGTHMEASURE(374.000000005668),$);
#1090= IFCPROPERTYSET('1BuODgFy5AGuD3ZC8tUha4',#5,'Tekla Quantity','Quantity Properties to Shared building elements',(#1076,#1077,#1078,#1079,#1080,#1081,#1082,#1083,#1084,#1085,#1086,#1087,#1088,#1089));
#1091= IFCPROPERTYSINGLEVALUE('MO_Storey',$,$,$);
#1092= IFCPROPERTYSINGLEVALUE('MO_Section',$,$,$);
#1093= IFCPROPERTYSET('2EtWkAPo57fAZAQceC6a_l',#5,'Tekla_ModelOrganizer',$,(#1091,#1092));
#1094= IFCPROPERTYSINGLEVALUE('AssemblyDesignCheckedBy',$,$,$);
#1095= IFCPROPERTYSINGLEVALUE('AssemblyDesignComment',$,$,$);
#1096= IFCPROPERTYSINGLEVALUE('AssemblyDesignAssignedTo',$,$,$);
#1097= IFCPROPERTYSINGLEVALUE('AssemblyDesignCode',$,$,$);
#1098= IFCPROPERTYSINGLEVALUE('AssemblyDesignPlansStatus',$,$,$);
#1099= IFCPROPERTYSINGLEVALUE('AssemblyDesignCheckDate',$,$,$);
#1100= IFCPROPERTYSINGLEVALUE('AssemblyPlannedStartDesign',$,$,$);
#1101= IFCPROPERTYSINGLEVALUE('AssemblyPlannedEndDesign',$,$,$);
#1102= IFCPROPERTYSINGLEVALUE('AssemblyActualStartDesign',$,$,$);
#1103= IFCPROPERTYSINGLEVALUE('AssemblyActualEndDesign',$,$,$);
#1104= IFCPROPERTYSINGLEVALUE('AssemblyFabricationCode',$,$,$);
#1105= IFCPROPERTYSINGLEVALUE('AssemblyFabricationDeliveryNumber',$,$,$);
#1106= IFCPROPERTYSINGLEVALUE('AssemblyFabricationPackageNumber',$,$,$);
#1107= IFCPROPERTYSINGLEVALUE('AssemblyFabricationShipmentNumber',$,$,$);
#1108= IFCPROPERTYSINGLEVALUE('AssemblyFabricationStatus',$,$,$);
#1109= IFCPROPERTYSINGLEVALUE('AssemblyPlannedStartFabrication',$,$,$);
#1110= IFCPROPERTYSINGLEVALUE('AssemblyPlannedEndFabrication',$,$,$);
#1111= IFCPROPERTYSINGLEVALUE('AssemblyActualStartFabrication',$,$,$);
#1112= IFCPROPERTYSINGLEVALUE('AssemblyActualEndFabrication',$,$,$);
#1113= IFCPROPERTYSINGLEVALUE('AssemblyErectionCode',$,$,$);
#1114= IFCPROPERTYSINGLEVALUE('AssemblyErectionComment',$,$,$);
#1115= IFCPROPERTYSINGLEVALUE('AssemblyErectionStatus',$,$,$);
#1116= IFCPROPERTYSINGLEVALUE('AssemblyErectionCIPStatus',$,$,$);
#1117= IFCPROPERTYSINGLEVALUE('AssemblyPlannedStartErection',$,$,$);
#1118= IFCPROPERTYSINGLEVALUE('AssemblyPlannedEndErection',$,$,$);
#1119= IFCPROPERTYSINGLEVALUE('AssemblyActualStartErection',$,$,$);
#1120= IFCPROPERTYSINGLEVALUE('AssemblyActualEndErection',$,$,$);
#1121= IFCPROPERTYSET('2rvenRi8j2UeXCLZqlFi3c',#5,'Tekla_4D',$,(#1094,#1095,#1096,#1097,#1098,#1099,#1100,#1101,#1102,#1103,#1104,#1105,#1106,#1107,#1108,#1109,#1110,#1111,#1112,#1113,#1114,#1115,#1116,#1117,#1118,#1119,#1120));
#1122= IFCCARTESIANPOINT((3993.,4900.,11613.0000007704));
#1123= IFCAXIS2PLACEMENT3D(#1122,#7,#8);
#1124= IFCLOCALPLACEMENT(#32,#1123);
#1125= IFCSHAPEREPRESENTATION(#12,'Body','Brep',(#862));
#1126= IFCPRODUCTDEFINITIONSHAPE($,$,(#1125));
#1127= IFCPLATE('1gYvWV0005bZ4tE3SrD30m',#5,'PLATE','PL8*96','PL8*96',#1124,#1126,'ID6a8b981f-0000-0596-3137-383735343030');
#1128= IFCPROPERTYSINGLEVALUE('Bottom elevation',$,IFCLABEL(' +11.613'),$);
#1129= IFCPROPERTYSINGLEVALUE('Top elevation',$,IFCLABEL(' +11.987'),$);
#1130= IFCPROPERTYSINGLEVALUE('Part mark',$,IFCLABEL('B27'),$);
#1131= IFCPROPERTYSINGLEVALUE('Assembly mark',$,IFCLABEL('4KL-5'),$);
#1132= IFCPROPERTYSINGLEVALUE('Preliminary mark',$,IFCLABEL(''),$);
#1133= IFCPROPERTYSINGLEVALUE('Control number',$,$,$);
#1134= IFCPROPERTYSINGLEVALUE('Phase',$,IFCINTEGER(1),$);
#1135= IFCPROPERTYSINGLEVALUE('Class',$,IFCLABEL('9'),$);
#1136= IFCPROPERTYSINGLEVALUE('Finish',$,IFCLABEL(''),$);
#1137= IFCPROPERTYSINGLEVALUE('Grade',$,IFCLABEL('Q355B'),$);
#1138= IFCPROPERTYSINGLEVALUE('Profile',$,IFCLABEL('PL8*96'),$);
#1139= IFCPROPERTYSINGLEVALUE('Name',$,IFCLABEL('PLATE'),$);
#1140= IFCPROPERTYSET('3qW8Zm4hbE1gFx7PDkqeHF',#5,'Tekla Common','Common Properties to Shared building elements',(#1128,#1129,#1130,#1131,#1132,#1133,#1134,#1135,#1136,#1137,#1138,#1139));
#1141= IFCPROPERTYSINGLEVALUE('AssemblyWeight',$,IFCMASSMEASURE(373.796451265588),$);
#1142= IFCPROPERTYSINGLEVALUE('Net weight',$,IFCMASSMEASURE(2.22965119967325),$);
#1143= IFCPROPERTYSINGLEVALUE('Gross weight',$,IFCMASSMEASURE(2.25477120000076),$);
#1144= IFCPROPERTYSINGLEVALUE('Weight',$,IFCMASSMEASURE(2.22965119967325),$);
#1145= IFCPROPERTYSINGLEVALUE('Net volume',$,IFCVOLUMEMEASURE(0.000284031999958376),$);
#1146= IFCPROPERTYSINGLEVALUE('Gross volume',$,IFCVOLUMEMEASURE(0.000284031999958376),$);
#1147= IFCPROPERTYSINGLEVALUE('Volume',$,IFCVOLUMEMEASURE(0.000284031999958376),$);
#1148= IFCPROPERTYSINGLEVALUE('Gross footprint area',$,IFCAREAMEASURE(0.000607999999777414),$);
#1149= IFCPROPERTYSINGLEVALUE('Area per tons',$,IFCAREAMEASURE(35.1357864139518),$);
#1150= IFCPROPERTYSINGLEVALUE('Net surface area',$,IFCAREAMEASURE(0.0783405483293309),$);
#1151= IFCPROPERTYSINGLEVALUE('Gross area',$,IFCAREAMEASURE(0.0359040000000121),$);
#1152= IFCPROPERTYSINGLEVALUE('Height',$,IFCLENGTHMEASURE(95.9999999985776),$);
#1153= IFCPROPERTYSINGLEVALUE('Width',$,IFCLENGTHMEASURE(8.),$);
#1154= IFCPROPERTYSINGLEVALUE('Length',$,IFCLENGTHMEASURE(374.000000005668),$);
#1155= IFCPROPERTYSET('0T0hfvH9f0agJpxMocivHJ',#5,'Tekla Quantity','Quantity Properties to Shared building elements',(#1141,#1142,#1143,#1144,#1145,#1146,#1147,#1148,#1149,#1150,#1151,#1152,#1153,#1154));
#1156= IFCPROPERTYSINGLEVALUE('MO_Storey',$,$,$);
#1157= IFCPROPERTYSINGLEVALUE('MO_Section',$,$,$);
#1158= IFCPROPERTYSET('21YGAVlFL2C95hK$QLrM6H',#5,'Tekla_ModelOrganizer',$,(#1156,#1157));
#1159= IFCPROPERTYSINGLEVALUE('AssemblyDesignCheckedBy',$,$,$);
#1160= IFCPROPERTYSINGLEVALUE('AssemblyDesignComment',$,$,$);
#1161= IFCPROPERTYSINGLEVALUE('AssemblyDesignAssignedTo',$,$,$);
#1162= IFCPROPERTYSINGLEVALUE('AssemblyDesignCode',$,$,$);
#1163= IFCPROPERTYSINGLEVALUE('AssemblyDesignPlansStatus',$,$,$);
#1164= IFCPROPERTYSINGLEVALUE('AssemblyDesignCheckDate',$,$,$);
#1165= IFCPROPERTYSINGLEVALUE('AssemblyPlannedStartDesign',$,$,$);
#1166= IFCPROPERTYSINGLEVALUE('AssemblyPlannedEndDesign',$,$,$);
#1167= IFCPROPERTYSINGLEVALUE('AssemblyActualStartDesign',$,$,$);
#1168= IFCPROPERTYSINGLEVALUE('AssemblyActualEndDesign',$,$,$);
#1169= IFCPROPERTYSINGLEVALUE('AssemblyFabricationCode',$,$,$);
#1170= IFCPROPERTYSINGLEVALUE('AssemblyFabricationDeliveryNumber',$,$,$);
#1171= IFCPROPERTYSINGLEVALUE('AssemblyFabricationPackageNumber',$,$,$);
#1172= IFCPROPERTYSINGLEVALUE('AssemblyFabricationShipmentNumber',$,$,$);
#1173= IFCPROPERTYSINGLEVALUE('AssemblyFabricationStatus',$,$,$);
#1174= IFCPROPERTYSINGLEVALUE('AssemblyPlannedStartFabrication',$,$,$);
#1175= IFCPROPERTYSINGLEVALUE('AssemblyPlannedEndFabrication',$,$,$);
#1176= IFCPROPERTYSINGLEVALUE('AssemblyActualStartFabrication',$,$,$);
#1177= IFCPROPERTYSINGLEVALUE('AssemblyActualEndFabrication',$,$,$);
#1178= IFCPROPERTYSINGLEVALUE('AssemblyErectionCode',$,$,$);
#1179= IFCPROPERTYSINGLEVALUE('AssemblyErectionComment',$,$,$);
#1180= IFCPROPERTYSINGLEVALUE('AssemblyErectionStatus',$,$,$);
#1181= IFCPROPERTYSINGLEVALUE('AssemblyErectionCIPStatus',$,$,$);
#1182= IFCPROPERTYSINGLEVALUE('AssemblyPlannedStartErection',$,$,$);
#1183= IFCPROPERTYSINGLEVALUE('AssemblyPlannedEndErection',$,$,$);
#1184= IFCPROPERTYSINGLEVALUE('AssemblyActualStartErection',$,$,$);
#1185= IFCPROPERTYSINGLEVALUE('AssemblyActualEndErection',$,$,$);
#1186= IFCPROPERTYSET('0Gd1qK1jLEygaNRO57tgrj',#5,'Tekla_4D',$,(#1159,#1160,#1161,#1162,#1163,#1164,#1165,#1166,#1167,#1168,#1169,#1170,#1171,#1172,#1173,#1174,#1175,#1176,#1177,#1178,#1179,#1180,#1181,#1182,#1183,#1184,#1185));
#1187= IFCCARTESIANPOINT((700.,4900.2,11985.9));
#1188= IFCAXIS2PLACEMENT3D(#1187,#55,#8);
#1189= IFCLOCALPLACEMENT(#32,#1188);
#1190= IFCCOLOURRGB('Light Gray',0.6,0.6,0.6);
#1191= IFCSURFACESTYLERENDERING(#1190,0.,$,$,$,$,IFCNORMALISEDRATIOMEASURE(0.00390625),IFCSPECULAREXPONENT(10.),.NOTDEFINED.);
#1192= IFCSURFACESTYLE('STEEL/Q355B',.POSITIVE.,(#1191));
#1193= IFCPRESENTATIONSTYLEASSIGNMENT((#1192));
#1194= IFCCARTESIANPOINT((0.,0.,5.00000000000023));
#1195= IFCCARTESIANPOINT((0.,371.799987792969,5.00000000000023));
#1196= IFCCARTESIANPOINT((0.,371.799987792969,-4.99999999999977));
#1197= IFCCARTESIANPOINT((0.,0.,-4.99999999999977));
#1198= IFCPOLYLOOP((#1194,#1195,#1196,#1197));
#1199= IFCFACEOUTERBOUND(#1198,.T.);
#1200= IFCFACE((#1199));
#1201= IFCCARTESIANPOINT((75.6999969482422,371.799987792969,5.00000000000023));
#1202= IFCCARTESIANPOINT((75.6999969482422,371.799987792969,-4.99999999999977));
#1203= IFCPOLYLOOP((#1195,#1201,#1202,#1196));
#1204= IFCFACEOUTERBOUND(#1203,.T.);
#1205= IFCFACE((#1204));
#1206= IFCCARTESIANPOINT((95.6999969482422,351.799987792969,5.00000000000023));
#1207= IFCCARTESIANPOINT((95.6999969482422,351.799987792969,-4.99999999999977));
#1208= IFCPOLYLOOP((#1201,#1206,#1207,#1202));
#1209= IFCFACEOUTERBOUND(#1208,.T.);
#1210= IFCFACE((#1209));
#1211= IFCCARTESIANPOINT((95.6999969482422,20.,5.00000000000023));
#1212= IFCCARTESIANPOINT((95.6999969482422,20.,-4.99999999999977));
#1213= IFCPOLYLOOP((#1206,#1211,#1212,#1207));
#1214= IFCFACEOUTERBOUND(#1213,.T.);
#1215= IFCFACE((#1214));
#1216= IFCCARTESIANPOINT((75.6999969482422,0.,5.00000000000023));
#1217= IFCCARTESIANPOINT((75.6999969482422,0.,-4.99999999999977));
#1218= IFCPOLYLOOP((#1211,#1216,#1217,#1212));
#1219= IFCFACEOUTERBOUND(#1218,.T.);
#1220= IFCFACE((#1219));
#1221= IFCPOLYLOOP((#1216,#1194,#1197,#1217));
#1222= IFCFACEOUTERBOUND(#1221,.T.);
#1223= IFCFACE((#1222));
#1224= IFCPOLYLOOP((#1202,#1207,#1212,#1217,#1197,#1196));
#1225= IFCFACEOUTERBOUND(#1224,.T.);
#1226= IFCFACE((#1225));
#1227= IFCPOLYLOOP((#1216,#1211,#1206,#1201,#1195,#1194));
#1228= IFCFACEOUTERBOUND(#1227,.T.);
#1229= IFCFACE((#1228));
#1230= IFCCLOSEDSHELL((#1200,#1205,#1210,#1215,#1220,#1223,#1226,#1229));
#1231= IFCFACETEDBREP(#1230);
#1232= IFCSTYLEDITEM(#1231,(#1193),$);
#1233= IFCSHAPEREPRESENTATION(#12,'Body','Brep',(#1231));
#1234= IFCPRODUCTDEFINITIONSHAPE($,$,(#1233));
#1235= IFCPLATE('1gbEI2000veJ4tE3WnDZ4m',#5,'\X2\677F\X0\','PL10*96','PL10*96',#1189,#1234,'ID6a94e482-0000-39a1-3137-383831363130');
#1236= IFCPLATETYPE('15zQ5vBkb4_xxxE_wYltRf',#5,'PL10*96',$,$,$,$,$,$,.NOTDEFINED.);
#1237= IFCPROPERTYSINGLEVALUE('Bottom elevation',$,IFCLABEL(' +11.614'),$);
#1238= IFCPROPERTYSINGLEVALUE('Top elevation',$,IFCLABEL(' +11.986'),$);
#1239= IFCPROPERTYSINGLEVALUE('Part mark',$,IFCLABEL('NB16'),$);
#1240= IFCPROPERTYSINGLEVALUE('Assembly mark',$,IFCLABEL('4KL-5'),$);
#1241= IFCPROPERTYSINGLEVALUE('Preliminary mark',$,IFCLABEL(''),$);
#1242= IFCPROPERTYSINGLEVALUE('Control number',$,$,$);
#1243= IFCPROPERTYSINGLEVALUE('Phase',$,IFCINTEGER(1),$);
#1244= IFCPROPERTYSINGLEVALUE('Class',$,IFCLABEL('99'),$);
#1245= IFCPROPERTYSINGLEVALUE('Finish',$,IFCLABEL(''),$);
#1246= IFCPROPERTYSINGLEVALUE('Grade',$,IFCLABEL('Q355B'),$);
#1247= IFCPROPERTYSINGLEVALUE('Profile',$,IFCLABEL('PL10*96'),$);
#1248= IFCPROPERTYSINGLEVALUE('Name',$,IFCLABEL('\X2\677F\X0\'),$);
#1249= IFCPROPERTYSET('3gLoPZtbjEyQM0Dlt_XCir',#5,'Tekla Common','Common Properties to Shared building elements',(#1237,#1238,#1239,#1240,#1241,#1242,#1243,#1244,#1245,#1246,#1247,#1248));
#1250= IFCPROPERTYSINGLEVALUE('AssemblyWeight',$,IFCMASSMEASURE(373.796451265588),$);
#1251= IFCPROPERTYSINGLEVALUE('Net weight',$,IFCMASSMEASURE(2.76172872922577),$);
#1252= IFCPROPERTYSINGLEVALUE('Gross weight',$,IFCMASSMEASURE(2.79312872922577),$);
#1253= IFCPROPERTYSINGLEVALUE('Weight',$,IFCMASSMEASURE(2.76172872922577),$);
#1254= IFCPROPERTYSINGLEVALUE('Net volume',$,IFCVOLUMEMEASURE(0.000351812576971436),$);
#1255= IFCPROPERTYSINGLEVALUE('Gross volume',$,IFCVOLUMEMEASURE(0.000351812576971436),$);
#1256= IFCPROPERTYSINGLEVALUE('Volume',$,IFCVOLUMEMEASURE(0.000351812576971436),$);
#1257= IFCPROPERTYSINGLEVALUE('Gross footprint area',$,IFCAREAMEASURE(0.000756999969482422),$);
#1258= IFCPROPERTYSINGLEVALUE('Area per tons',$,IFCAREAMEASURE(28.7784240620699),$);
#1259= IFCPROPERTYSINGLEVALUE('Net surface area',$,IFCAREAMEASURE(0.0794782005140606),$);
#1260= IFCPROPERTYSINGLEVALUE('Gross area',$,IFCAREAMEASURE(0.0355812576971436),$);
#1261= IFCPROPERTYSINGLEVALUE('Height',$,IFCLENGTHMEASURE(95.6999969482422),$);
#1262= IFCPROPERTYSINGLEVALUE('Width',$,IFCLENGTHMEASURE(10.),$);
#1263= IFCPROPERTYSINGLEVALUE('Length',$,IFCLENGTHMEASURE(371.799987792969),$);
#1264= IFCPROPERTYSET('3Z884KOn5Dmge4Qa8yXUUQ',#5,'Tekla Quantity','Quantity Properties to Shared building elements',(#1250,#1251,#1252,#1253,#1254,#1255,#1256,#1257,#1258,#1259,#1260,#1261,#1262,#1263));
#1265= IFCPROPERTYSINGLEVALUE('MO_Storey',$,$,$);
#1266= IFCPROPERTYSINGLEVALUE('MO_Section',$,$,$);
#1267= IFCPROPERTYSET('3lM3F73pLDYe0gCYjsi$1x',#5,'Tekla_ModelOrganizer',$,(#1265,#1266));
#1268= IFCPROPERTYSINGLEVALUE('AssemblyDesignCheckedBy',$,$,$);
#1269= IFCPROPERTYSINGLEVALUE('AssemblyDesignComment',$,$,$);
#1270= IFCPROPERTYSINGLEVALUE('AssemblyDesignAssignedTo',$,$,$);
#1271= IFCPROPERTYSINGLEVALUE('AssemblyDesignCode',$,$,$);
#1272= IFCPROPERTYSINGLEVALUE('AssemblyDesignPlansStatus',$,$,$);
#1273= IFCPROPERTYSINGLEVALUE('AssemblyDesignCheckDate',$,$,$);
#1274= IFCPROPERTYSINGLEVALUE('AssemblyPlannedStartDesign',$,$,$);
#1275= IFCPROPERTYSINGLEVALUE('AssemblyPlannedEndDesign',$,$,$);
#1276= IFCPROPERTYSINGLEVALUE('AssemblyActualStartDesign',$,$,$);
#1277= IFCPROPERTYSINGLEVALUE('AssemblyActualEndDesign',$,$,$);
#1278= IFCPROPERTYSINGLEVALUE('AssemblyFabricationCode',$,$,$);
#1279= IFCPROPERTYSINGLEVALUE('AssemblyFabricationDeliveryNumber',$,$,$);
#1280= IFCPROPERTYSINGLEVALUE('AssemblyFabricationPackageNumber',$,$,$);
#1281= IFCPROPERTYSINGLEVALUE('AssemblyFabricationShipmentNumber',$,$,$);
#1282= IFCPROPERTYSINGLEVALUE('AssemblyFabricationStatus',$,$,$);
#1283= IFCPROPERTYSINGLEVALUE('AssemblyPlannedStartFabrication',$,$,$);
#1284= IFCPROPERTYSINGLEVALUE('AssemblyPlannedEndFabrication',$,$,$);
#1285= IFCPROPERTYSINGLEVALUE('AssemblyActualStartFabrication',$,$,$);
#1286= IFCPROPERTYSINGLEVALUE('AssemblyActualEndFabrication',$,$,$);
#1287= IFCPROPERTYSINGLEVALUE('AssemblyErectionCode',$,$,$);
#1288= IFCPROPERTYSINGLEVALUE('AssemblyErectionComment',$,$,$);
#1289= IFCPROPERTYSINGLEVALUE('AssemblyErectionStatus',$,$,$);
#1290= IFCPROPERTYSINGLEVALUE('AssemblyErectionCIPStatus',$,$,$);
#1291= IFCPROPERTYSINGLEVALUE('AssemblyPlannedStartErection',$,$,$);
#1292= IFCPROPERTYSINGLEVALUE('AssemblyPlannedEndErection',$,$,$);
#1293= IFCPROPERTYSINGLEVALUE('AssemblyActualStartErection',$,$,$);
#1294= IFCPROPERTYSINGLEVALUE('AssemblyActualEndErection',$,$,$);
#1295= IFCPROPERTYSET('3lhdgredz3ofLeyj_l1Vfq',#5,'Tekla_4D',$,(#1268,#1269,#1270,#1271,#1272,#1273,#1274,#1275,#1276,#1277,#1278,#1279,#1280,#1281,#1282,#1283,#1284,#1285,#1286,#1287,#1288,#1289,#1290,#1291,#1292,#1293,#1294));
#1296= IFCCARTESIANPOINT((1050.,4900.2,11985.9));
#1297= IFCAXIS2PLACEMENT3D(#1296,#55,#8);
#1298= IFCLOCALPLACEMENT(#32,#1297);
#1299= IFCSHAPEREPRESENTATION(#12,'Body','Brep',(#1231));
#1300= IFCPRODUCTDEFINITIONSHAPE($,$,(#1299));
#1301= IFCPLATE('1gbEI2000vg34tE3WnDZ4m',#5,'\X2\677F\X0\','PL10*96','PL10*96',#1298,#1300,'ID6a94e482-0000-39a8-3137-383831363130');
#1302= IFCPROPERTYSINGLEVALUE('Bottom elevation',$,IFCLABEL(' +11.614'),$);
#1303= IFCPROPERTYSINGLEVALUE('Top elevation',$,IFCLABEL(' +11.986'),$);
#1304= IFCPROPERTYSINGLEVALUE('Part mark',$,IFCLABEL('NB16'),$);
#1305= IFCPROPERTYSINGLEVALUE('Assembly mark',$,IFCLABEL('4KL-5'),$);
#1306= IFCPROPERTYSINGLEVALUE('Preliminary mark',$,IFCLABEL(''),$);
#1307= IFCPROPERTYSINGLEVALUE('Control number',$,$,$);
#1308= IFCPROPERTYSINGLEVALUE('Phase',$,IFCINTEGER(1),$);
#1309= IFCPROPERTYSINGLEVALUE('Class',$,IFCLABEL('99'),$);
#1310= IFCPROPERTYSINGLEVALUE('Finish',$,IFCLABEL(''),$);
#1311= IFCPROPERTYSINGLEVALUE('Grade',$,IFCLABEL('Q355B'),$);
#1312= IFCPROPERTYSINGLEVALUE('Profile',$,IFCLABEL('PL10*96'),$);
#1313= IFCPROPERTYSINGLEVALUE('Name',$,IFCLABEL('\X2\677F\X0\'),$);
#1314= IFCPROPERTYSET('1hGXu2tS53Cew_fwOX0ysi',#5,'Tekla Common','Common Properties to Shared building elements',(#1302,#1303,#1304,#1305,#1306,#1307,#1308,#1309,#1310,#1311,#1312,#1313));
#1315= IFCPROPERTYSINGLEVALUE('AssemblyWeight',$,IFCMASSMEASURE(373.796451265588),$);
#1316= IFCPROPERTYSINGLEVALUE('Net weight',$,IFCMASSMEASURE(2.76172872922577),$);
#1317= IFCPROPERTYSINGLEVALUE('Gross weight',$,IFCMASSMEASURE(2.79312872922577),$);
#1318= IFCPROPERTYSINGLEVALUE('Weight',$,IFCMASSMEASURE(2.76172872922577),$);
#1319= IFCPROPERTYSINGLEVALUE('Net volume',$,IFCVOLUMEMEASURE(0.000351812576971436),$);
#1320= IFCPROPERTYSINGLEVALUE('Gross volume',$,IFCVOLUMEMEASURE(0.000351812576971436),$);
#1321= IFCPROPERTYSINGLEVALUE('Volume',$,IFCVOLUMEMEASURE(0.000351812576971436),$);
#1322= IFCPROPERTYSINGLEVALUE('Gross footprint area',$,IFCAREAMEASURE(0.000756999969482422),$);
#1323= IFCPROPERTYSINGLEVALUE('Area per tons',$,IFCAREAMEASURE(28.7784240620699),$);
#1324= IFCPROPERTYSINGLEVALUE('Net surface area',$,IFCAREAMEASURE(0.0794782005140606),$);
#1325= IFCPROPERTYSINGLEVALUE('Gross area',$,IFCAREAMEASURE(0.0355812576971436),$);
#1326= IFCPROPERTYSINGLEVALUE('Height',$,IFCLENGTHMEASURE(95.6999969482422),$);
#1327= IFCPROPERTYSINGLEVALUE('Width',$,IFCLENGTHMEASURE(10.),$);
#1328= IFCPROPERTYSINGLEVALUE('Length',$,IFCLENGTHMEASURE(371.799987792969),$);
#1329= IFCPROPERTYSET('1SM0Xto$53dfUYK$qWKDGz',#5,'Tekla Quantity','Quantity Properties to Shared building elements',(#1315,#1316,#1317,#1318,#1319,#1320,#1321,#1322,#1323,#1324,#1325,#1326,#1327,#1328));
#1330= IFCPROPERTYSINGLEVALUE('MO_Storey',$,$,$);
#1331= IFCPROPERTYSINGLEVALUE('MO_Section',$,$,$);
#1332= IFCPROPERTYSET('02axByFq934h34LmumbrGD',#5,'Tekla_ModelOrganizer',$,(#1330,#1331));
#1333= IFCPROPERTYSINGLEVALUE('AssemblyDesignCheckedBy',$,$,$);
#1334= IFCPROPERTYSINGLEVALUE('AssemblyDesignComment',$,$,$);
#1335= IFCPROPERTYSINGLEVALUE('AssemblyDesignAssignedTo',$,$,$);
#1336= IFCPROPERTYSINGLEVALUE('AssemblyDesignCode',$,$,$);
#1337= IFCPROPERTYSINGLEVALUE('AssemblyDesignPlansStatus',$,$,$);
#1338= IFCPROPERTYSINGLEVALUE('AssemblyDesignCheckDate',$,$,$);
#1339= IFCPROPERTYSINGLEVALUE('AssemblyPlannedStartDesign',$,$,$);
#1340= IFCPROPERTYSINGLEVALUE('AssemblyPlannedEndDesign',$,$,$);
#1341= IFCPROPERTYSINGLEVALUE('AssemblyActualStartDesign',$,$,$);
#1342= IFCPROPERTYSINGLEVALUE('AssemblyActualEndDesign',$,$,$);
#1343= IFCPROPERTYSINGLEVALUE('AssemblyFabricationCode',$,$,$);
#1344= IFCPROPERTYSINGLEVALUE('AssemblyFabricationDeliveryNumber',$,$,$);
#1345= IFCPROPERTYSINGLEVALUE('AssemblyFabricationPackageNumber',$,$,$);
#1346= IFCPROPERTYSINGLEVALUE('AssemblyFabricationShipmentNumber',$,$,$);
#1347= IFCPROPERTYSINGLEVALUE('AssemblyFabricationStatus',$,$,$);
#1348= IFCPROPERTYSINGLEVALUE('AssemblyPlannedStartFabrication',$,$,$);
#1349= IFCPROPERTYSINGLEVALUE('AssemblyPlannedEndFabrication',$,$,$);
#1350= IFCPROPERTYSINGLEVALUE('AssemblyActualStartFabrication',$,$,$);
#1351= IFCPROPERTYSINGLEVALUE('AssemblyActualEndFabrication',$,$,$);
#1352= IFCPROPERTYSINGLEVALUE('AssemblyErectionCode',$,$,$);
#1353= IFCPROPERTYSINGLEVALUE('AssemblyErectionComment',$,$,$);
#1354= IFCPROPERTYSINGLEVALUE('AssemblyErectionStatus',$,$,$);
#1355= IFCPROPERTYSINGLEVALUE('AssemblyErectionCIPStatus',$,$,$);
#1356= IFCPROPERTYSINGLEVALUE('AssemblyPlannedStartErection',$,$,$);
#1357= IFCPROPERTYSINGLEVALUE('AssemblyPlannedEndErection',$,$,$);
#1358= IFCPROPERTYSINGLEVALUE('AssemblyActualStartErection',$,$,$);
#1359= IFCPROPERTYSINGLEVALUE('AssemblyActualEndErection',$,$,$);
#1360= IFCPROPERTYSET('0Nqb6wsvL5MwXFbUGgGPqi',#5,'Tekla_4D',$,(#1333,#1334,#1335,#1336,#1337,#1338,#1339,#1340,#1341,#1342,#1343,#1344,#1345,#1346,#1347,#1348,#1349,#1350,#1351,#1352,#1353,#1354,#1355,#1356,#1357,#1358,#1359));
#1361= IFCCARTESIANPOINT((1550.,4900.19999999998,11985.9));
#1362= IFCAXIS2PLACEMENT3D(#1361,#55,#8);
#1363= IFCLOCALPLACEMENT(#32,#1362);
#1364= IFCSHAPEREPRESENTATION(#12,'Body','Brep',(#1231));
#1365= IFCPRODUCTDEFINITIONSHAPE($,$,(#1364));
#1366= IFCPLATE('1gbEI2000vhp4tE3WnDZ4m',#5,'\X2\677F\X0\','PL10*96','PL10*96',#1363,#1365,'ID6a94e482-0000-39af-3137-383831363130');
#1367= IFCPROPERTYSINGLEVALUE('Bottom elevation',$,IFCLABEL(' +11.614'),$);
#1368= IFCPROPERTYSINGLEVALUE('Top elevation',$,IFCLABEL(' +11.986'),$);
#1369= IFCPROPERTYSINGLEVALUE('Part mark',$,IFCLABEL('NB16'),$);
#1370= IFCPROPERTYSINGLEVALUE('Assembly mark',$,IFCLABEL('4KL-5'),$);
#1371= IFCPROPERTYSINGLEVALUE('Preliminary mark',$,IFCLABEL(''),$);
#1372= IFCPROPERTYSINGLEVALUE('Control number',$,$,$);
#1373= IFCPROPERTYSINGLEVALUE('Phase',$,IFCINTEGER(1),$);
#1374= IFCPROPERTYSINGLEVALUE('Class',$,IFCLABEL('99'),$);
#1375= IFCPROPERTYSINGLEVALUE('Finish',$,IFCLABEL(''),$);
#1376= IFCPROPERTYSINGLEVALUE('Grade',$,IFCLABEL('Q355B'),$);
#1377= IFCPROPERTYSINGLEVALUE('Profile',$,IFCLABEL('PL10*96'),$);
#1378= IFCPROPERTYSINGLEVALUE('Name',$,IFCLABEL('\X2\677F\X0\'),$);
#1379= IFCPROPERTYSET('1O$sjQtI90FOrAqCZPzeca',#5,'Tekla Common','Common Properties to Shared building elements',(#1367,#1368,#1369,#1370,#1371,#1372,#1373,#1374,#1375,#1376,#1377,#1378));
#1380= IFCPROPERTYSINGLEVALUE('AssemblyWeight',$,IFCMASSMEASURE(373.796451265588),$);
#1381= IFCPROPERTYSINGLEVALUE('Net weight',$,IFCMASSMEASURE(2.76172872922577),$);
#1382= IFCPROPERTYSINGLEVALUE('Gross weight',$,IFCMASSMEASURE(2.79312872922577),$);
#1383= IFCPROPERTYSINGLEVALUE('Weight',$,IFCMASSMEASURE(2.76172872922577),$);
#1384= IFCPROPERTYSINGLEVALUE('Net volume',$,IFCVOLUMEMEASURE(0.000351812576971436),$);
#1385= IFCPROPERTYSINGLEVALUE('Gross volume',$,IFCVOLUMEMEASURE(0.000351812576971436),$);
#1386= IFCPROPERTYSINGLEVALUE('Volume',$,IFCVOLUMEMEASURE(0.000351812576971436),$);
#1387= IFCPROPERTYSINGLEVALUE('Gross footprint area',$,IFCAREAMEASURE(0.000756999969482422),$);
#1388= IFCPROPERTYSINGLEVALUE('Area per tons',$,IFCAREAMEASURE(28.7784240620699),$);
#1389= IFCPROPERTYSINGLEVALUE('Net surface area',$,IFCAREAMEASURE(0.0794782005140606),$);
#1390= IFCPROPERTYSINGLEVALUE('Gross area',$,IFCAREAMEASURE(0.0355812576971436),$);
#1391= IFCPROPERTYSINGLEVALUE('Height',$,IFCLENGTHMEASURE(95.6999969482422),$);
#1392= IFCPROPERTYSINGLEVALUE('Width',$,IFCLENGTHMEASURE(10.),$);
#1393= IFCPROPERTYSINGLEVALUE('Length',$,IFCLENGTHMEASURE(371.799987792969),$);
#1394= IFCPROPERTYSET('2k36TcpEr0WP6D6OqXjBkx',#5,'Tekla Quantity','Quantity Properties to Shared building elements',(#1380,#1381,#1382,#1383,#1384,#1385,#1386,#1387,#1388,#1389,#1390,#1391,#1392,#1393));
#1395= IFCPROPERTYSINGLEVALUE('MO_Storey',$,$,$);
#1396= IFCPROPERTYSINGLEVALUE('MO_Section',$,$,$);
#1397= IFCPROPERTYSET('3xBARjNOX3GB3awUmzRD77',#5,'Tekla_ModelOrganizer',$,(#1395,#1396));
#1398= IFCPROPERTYSINGLEVALUE('AssemblyDesignCheckedBy',$,$,$);
#1399= IFCPROPERTYSINGLEVALUE('AssemblyDesignComment',$,$,$);
#1400= IFCPROPERTYSINGLEVALUE('AssemblyDesignAssignedTo',$,$,$);
#1401= IFCPROPERTYSINGLEVALUE('AssemblyDesignCode',$,$,$);
#1402= IFCPROPERTYSINGLEVALUE('AssemblyDesignPlansStatus',$,$,$);
#1403= IFCPROPERTYSINGLEVALUE('AssemblyDesignCheckDate',$,$,$);
#1404= IFCPROPERTYSINGLEVALUE('AssemblyPlannedStartDesign',$,$,$);
#1405= IFCPROPERTYSINGLEVALUE('AssemblyPlannedEndDesign',$,$,$);
#1406= IFCPROPERTYSINGLEVALUE('AssemblyActualStartDesign',$,$,$);
#1407= IFCPROPERTYSINGLEVALUE('AssemblyActualEndDesign',$,$,$);
#1408= IFCPROPERTYSINGLEVALUE('AssemblyFabricationCode',$,$,$);
#1409= IFCPROPERTYSINGLEVALUE('AssemblyFabricationDeliveryNumber',$,$,$);
#1410= IFCPROPERTYSINGLEVALUE('AssemblyFabricationPackageNumber',$,$,$);
#1411= IFCPROPERTYSINGLEVALUE('AssemblyFabricationShipmentNumber',$,$,$);
#1412= IFCPROPERTYSINGLEVALUE('AssemblyFabricationStatus',$,$,$);
#1413= IFCPROPERTYSINGLEVALUE('AssemblyPlannedStartFabrication',$,$,$);
#1414= IFCPROPERTYSINGLEVALUE('AssemblyPlannedEndFabrication',$,$,$);
#1415= IFCPROPERTYSINGLEVALUE('AssemblyActualStartFabrication',$,$,$);
#1416= IFCPROPERTYSINGLEVALUE('AssemblyActualEndFabrication',$,$,$);
#1417= IFCPROPERTYSINGLEVALUE('AssemblyErectionCode',$,$,$);
#1418= IFCPROPERTYSINGLEVALUE('AssemblyErectionComment',$,$,$);
#1419= IFCPROPERTYSINGLEVALUE('AssemblyErectionStatus',$,$,$);
#1420= IFCPROPERTYSINGLEVALUE('AssemblyErectionCIPStatus',$,$,$);
#1421= IFCPROPERTYSINGLEVALUE('AssemblyPlannedStartErection',$,$,$);
#1422= IFCPROPERTYSINGLEVALUE('AssemblyPlannedEndErection',$,$,$);
#1423= IFCPROPERTYSINGLEVALUE('AssemblyActualStartErection',$,$,$);
#1424= IFCPROPERTYSINGLEVALUE('AssemblyActualEndErection',$,$,$);
#1425= IFCPROPERTYSET('1GC7RTvi90Vus5Ef7olL00',#5,'Tekla_4D',$,(#1398,#1399,#1400,#1401,#1402,#1403,#1404,#1405,#1406,#1407,#1408,#1409,#1410,#1411,#1412,#1413,#1414,#1415,#1416,#1417,#1418,#1419,#1420,#1421,#1422,#1423,#1424));
#1426= IFCCARTESIANPOINT((700.,5004.09999999996,11985.9));
#1427= IFCAXIS2PLACEMENT3D(#1426,#55,#8);
#1428= IFCLOCALPLACEMENT(#32,#1427);
#1429= IFCCARTESIANPOINT((0.,20.,5.00000000000034));
#1430= IFCCARTESIANPOINT((-9.09494701772928E-013,351.799987792969,5.00000000000034));
#1431= IFCCARTESIANPOINT((-9.09494701772928E-013,351.799987792969,-4.99999999999966));
#1432= IFCCARTESIANPOINT((0.,20.,-4.99999999999966));
#1433= IFCPOLYLOOP((#1429,#1430,#1431,#1432));
#1434= IFCFACEOUTERBOUND(#1433,.T.);
#1435= IFCFACE((#1434));
#1436= IFCCARTESIANPOINT((19.9999999999991,371.799987792969,5.00000000000034));
#1437= IFCCARTESIANPOINT((19.9999999999991,371.799987792969,-4.99999999999966));
#1438= IFCPOLYLOOP((#1430,#1436,#1437,#1431));
#1439= IFCFACEOUTERBOUND(#1438,.T.);
#1440= IFCFACE((#1439));
#1441= IFCCARTESIANPOINT((95.6999969482422,371.799987792969,5.00000000000034));
#1442= IFCCARTESIANPOINT((95.6999969482422,371.799987792969,-4.99999999999966));
#1443= IFCPOLYLOOP((#1436,#1441,#1442,#1437));
#1444= IFCFACEOUTERBOUND(#1443,.T.);
#1445= IFCFACE((#1444));
#1446= IFCCARTESIANPOINT((95.6999969482422,-1.81898940354586E-012,5.00000000000034));
#1447= IFCCARTESIANPOINT((95.6999969482422,-1.81898940354586E-012,-4.99999999999966));
#1448= IFCPOLYLOOP((#1441,#1446,#1447,#1442));
#1449= IFCFACEOUTERBOUND(#1448,.T.);
#1450= IFCFACE((#1449));
#1451= IFCCARTESIANPOINT((20.,0.,5.00000000000034));
#1452= IFCCARTESIANPOINT((20.,0.,-4.99999999999966));
#1453= IFCPOLYLOOP((#1446,#1451,#1452,#1447));
#1454= IFCFACEOUTERBOUND(#1453,.T.);
#1455= IFCFACE((#1454));
#1456= IFCPOLYLOOP((#1451,#1429,#1432,#1452));
#1457= IFCFACEOUTERBOUND(#1456,.T.);
#1458= IFCFACE((#1457));
#1459= IFCPOLYLOOP((#1437,#1442,#1447,#1452,#1432,#1431));
#1460= IFCFACEOUTERBOUND(#1459,.T.);
#1461= IFCFACE((#1460));
#1462= IFCPOLYLOOP((#1451,#1446,#1441,#1436,#1430,#1429));
#1463= IFCFACEOUTERBOUND(#1462,.T.);
#1464= IFCFACE((#1463));
#1465= IFCCLOSEDSHELL((#1435,#1440,#1445,#1450,#1455,#1458,#1461,#1464));
#1466= IFCFACETEDBREP(#1465);
#1467= IFCSTYLEDITEM(#1466,(#1193),$);
#1468= IFCSHAPEREPRESENTATION(#12,'Body','Brep',(#1466));
#1469= IFCPRODUCTDEFINITIONSHAPE($,$,(#1468));
#1470= IFCPLATE('1gbEI2000vlJ4tE3WnDZ4m',#5,'\X2\677F\X0\','PL10*96','PL10*96',#1428,#1469,'ID6a94e482-0000-39bd-3137-383831363130');
#1471= IFCPROPERTYSINGLEVALUE('Bottom elevation',$,IFCLABEL(' +11.614'),$);
#1472= IFCPROPERTYSINGLEVALUE('Top elevation',$,IFCLABEL(' +11.986'),$);
#1473= IFCPROPERTYSINGLEVALUE('Part mark',$,IFCLABEL('NB16'),$);
#1474= IFCPROPERTYSINGLEVALUE('Assembly mark',$,IFCLABEL('4KL-5'),$);
#1475= IFCPROPERTYSINGLEVALUE('Preliminary mark',$,IFCLABEL(''),$);
#1476= IFCPROPERTYSINGLEVALUE('Control number',$,$,$);
#1477= IFCPROPERTYSINGLEVALUE('Phase',$,IFCINTEGER(1),$);
#1478= IFCPROPERTYSINGLEVALUE('Class',$,IFCLABEL('99'),$);
#1479= IFCPROPERTYSINGLEVALUE('Finish',$,IFCLABEL(''),$);
#1480= IFCPROPERTYSINGLEVALUE('Grade',$,IFCLABEL('Q355B'),$);
#1481= IFCPROPERTYSINGLEVALUE('Profile',$,IFCLABEL('PL10*96'),$);
#1482= IFCPROPERTYSINGLEVALUE('Name',$,IFCLABEL('\X2\677F\X0\'),$);
#1483= IFCPROPERTYSET('24F3x_ZWzFeOowAKGOJwL4',#5,'Tekla Common','Common Properties to Shared building elements',(#1471,#1472,#1473,#1474,#1475,#1476,#1477,#1478,#1479,#1480,#1481,#1482));
#1484= IFCPROPERTYSINGLEVALUE('AssemblyWeight',$,IFCMASSMEASURE(373.796451265588),$);
#1485= IFCPROPERTYSINGLEVALUE('Net weight',$,IFCMASSMEASURE(2.76172872922579),$);
#1486= IFCPROPERTYSINGLEVALUE('Gross weight',$,IFCMASSMEASURE(2.79312872922581),$);
#1487= IFCPROPERTYSINGLEVALUE('Weight',$,IFCMASSMEASURE(2.76172872922579),$);
#1488= IFCPROPERTYSINGLEVALUE('Net volume',$,IFCVOLUMEMEASURE(0.000351812576971438),$);
#1489= IFCPROPERTYSINGLEVALUE('Gross volume',$,IFCVOLUMEMEASURE(0.000351812576971438),$);
#1490= IFCPROPERTYSINGLEVALUE('Volume',$,IFCVOLUMEMEASURE(0.000351812576971438),$);
#1491= IFCPROPERTYSINGLEVALUE('Gross footprint area',$,IFCAREAMEASURE(0.000756999969482422),$);
#1492= IFCPROPERTYSINGLEVALUE('Area per tons',$,IFCAREAMEASURE(28.7784240620699),$);
#1493= IFCPROPERTYSINGLEVALUE('Net surface area',$,IFCAREAMEASURE(0.0794782005140611),$);
#1494= IFCPROPERTYSINGLEVALUE('Gross area',$,IFCAREAMEASURE(0.0355812576971441),$);
#1495= IFCPROPERTYSINGLEVALUE('Height',$,IFCLENGTHMEASURE(95.6999969482431),$);
#1496= IFCPROPERTYSINGLEVALUE('Width',$,IFCLENGTHMEASURE(10.),$);
#1497= IFCPROPERTYSINGLEVALUE('Length',$,IFCLENGTHMEASURE(371.799987792971),$);
#1498= IFCPROPERTYSET('1wwN4G5l5CVQTVugVGBbfo',#5,'Tekla Quantity','Quantity Properties to Shared building elements',(#1484,#1485,#1486,#1487,#1488,#1489,#1490,#1491,#1492,#1493,#1494,#1495,#1496,#1497));
#1499= IFCPROPERTYSINGLEVALUE('MO_Storey',$,$,$);
#1500= IFCPROPERTYSINGLEVALUE('MO_Section',$,$,$);
#1501= IFCPROPERTYSET('073LPolzn9mgkWnSBblbRS',#5,'Tekla_ModelOrganizer',$,(#1499,#1500));
#1502= IFCPROPERTYSINGLEVALUE('AssemblyDesignCheckedBy',$,$,$);
#1503= IFCPROPERTYSINGLEVALUE('AssemblyDesignComment',$,$,$);
#1504= IFCPROPERTYSINGLEVALUE('AssemblyDesignAssignedTo',$,$,$);
#1505= IFCPROPERTYSINGLEVALUE('AssemblyDesignCode',$,$,$);
#1506= IFCPROPERTYSINGLEVALUE('AssemblyDesignPlansStatus',$,$,$);
#1507= IFCPROPERTYSINGLEVALUE('AssemblyDesignCheckDate',$,$,$);
#1508= IFCPROPERTYSINGLEVALUE('AssemblyPlannedStartDesign',$,$,$);
#1509= IFCPROPERTYSINGLEVALUE('AssemblyPlannedEndDesign',$,$,$);
#1510= IFCPROPERTYSINGLEVALUE('AssemblyActualStartDesign',$,$,$);
#1511= IFCPROPERTYSINGLEVALUE('AssemblyActualEndDesign',$,$,$);
#1512= IFCPROPERTYSINGLEVALUE('AssemblyFabricationCode',$,$,$);
#1513= IFCPROPERTYSINGLEVALUE('AssemblyFabricationDeliveryNumber',$,$,$);
#1514= IFCPROPERTYSINGLEVALUE('AssemblyFabricationPackageNumber',$,$,$);
#1515= IFCPROPERTYSINGLEVALUE('AssemblyFabricationShipmentNumber',$,$,$);
#1516= IFCPROPERTYSINGLEVALUE('AssemblyFabricationStatus',$,$,$);
#1517= IFCPROPERTYSINGLEVALUE('AssemblyPlannedStartFabrication',$,$,$);
#1518= IFCPROPERTYSINGLEVALUE('AssemblyPlannedEndFabrication',$,$,$);
#1519= IFCPROPERTYSINGLEVALUE('AssemblyActualStartFabrication',$,$,$);
#1520= IFCPROPERTYSINGLEVALUE('AssemblyActualEndFabrication',$,$,$);
#1521= IFCPROPERTYSINGLEVALUE('AssemblyErectionCode',$,$,$);
#1522= IFCPROPERTYSINGLEVALUE('AssemblyErectionComment',$,$,$);
#1523= IFCPROPERTYSINGLEVALUE('AssemblyErectionStatus',$,$,$);
#1524= IFCPROPERTYSINGLEVALUE('AssemblyErectionCIPStatus',$,$,$);
#1525= IFCPROPERTYSINGLEVALUE('AssemblyPlannedStartErection',$,$,$);
#1526= IFCPROPERTYSINGLEVALUE('AssemblyPlannedEndErection',$,$,$);
#1527= IFCPROPERTYSINGLEVALUE('AssemblyActualStartErection',$,$,$);
#1528= IFCPROPERTYSINGLEVALUE('AssemblyActualEndErection',$,$,$);
#1529= IFCPROPERTYSET('2riDya4I9DPfWHo6K6gKXB',#5,'Tekla_4D',$,(#1502,#1503,#1504,#1505,#1506,#1507,#1508,#1509,#1510,#1511,#1512,#1513,#1514,#1515,#1516,#1517,#1518,#1519,#1520,#1521,#1522,#1523,#1524,#1525,#1526,#1527,#1528));
#1530= IFCCARTESIANPOINT((1050.,5004.09999999996,11985.9));
#1531= IFCAXIS2PLACEMENT3D(#1530,#55,#8);
#1532= IFCLOCALPLACEMENT(#32,#1531);
#1533= IFCSHAPEREPRESENTATION(#12,'Body','Brep',(#1466));
#1534= IFCPRODUCTDEFINITIONSHAPE($,$,(#1533));
#1535= IFCPLATE('1gbEI2000vn34tE3WnDZ4m',#5,'\X2\677F\X0\','PL10*96','PL10*96',#1532,#1534,'ID6a94e482-0000-39c4-3137-383831363130');
#1536= IFCPROPERTYSINGLEVALUE('Bottom elevation',$,IFCLABEL(' +11.614'),$);
#1537= IFCPROPERTYSINGLEVALUE('Top elevation',$,IFCLABEL(' +11.986'),$);
#1538= IFCPROPERTYSINGLEVALUE('Part mark',$,IFCLABEL('NB16'),$);
#1539= IFCPROPERTYSINGLEVALUE('Assembly mark',$,IFCLABEL('4KL-5'),$);
#1540= IFCPROPERTYSINGLEVALUE('Preliminary mark',$,IFCLABEL(''),$);
#1541= IFCPROPERTYSINGLEVALUE('Control number',$,$,$);
#1542= IFCPROPERTYSINGLEVALUE('Phase',$,IFCINTEGER(1),$);
#1543= IFCPROPERTYSINGLEVALUE('Class',$,IFCLABEL('99'),$);
#1544= IFCPROPERTYSINGLEVALUE('Finish',$,IFCLABEL(''),$);
#1545= IFCPROPERTYSINGLEVALUE('Grade',$,IFCLABEL('Q355B'),$);
#1546= IFCPROPERTYSINGLEVALUE('Profile',$,IFCLABEL('PL10*96'),$);
#1547= IFCPROPERTYSINGLEVALUE('Name',$,IFCLABEL('\X2\677F\X0\'),$);
#1548= IFCPROPERTYSET('1zpWw6t0j4hRuJ35DXVVCl',#5,'Tekla Common','Common Properties to Shared building elements',(#1536,#1537,#1538,#1539,#1540,#1541,#1542,#1543,#1544,#1545,#1546,#1547));
#1549= IFCPROPERTYSINGLEVALUE('AssemblyWeight',$,IFCMASSMEASURE(373.796451265588),$);
#1550= IFCPROPERTYSINGLEVALUE('Net weight',$,IFCMASSMEASURE(2.76172872922577),$);
#1551= IFCPROPERTYSINGLEVALUE('Gross weight',$,IFCMASSMEASURE(2.79312872922577),$);
#1552= IFCPROPERTYSINGLEVALUE('Weight',$,IFCMASSMEASURE(2.76172872922577),$);
#1553= IFCPROPERTYSINGLEVALUE('Net volume',$,IFCVOLUMEMEASURE(0.000351812576971436),$);
#1554= IFCPROPERTYSINGLEVALUE('Gross volume',$,IFCVOLUMEMEASURE(0.000351812576971436),$);
#1555= IFCPROPERTYSINGLEVALUE('Volume',$,IFCVOLUMEMEASURE(0.000351812576971436),$);
#1556= IFCPROPERTYSINGLEVALUE('Gross footprint area',$,IFCAREAMEASURE(0.000756999969482422),$);
#1557= IFCPROPERTYSINGLEVALUE('Area per tons',$,IFCAREAMEASURE(28.7784240620699),$);
#1558= IFCPROPERTYSINGLEVALUE('Net surface area',$,IFCAREAMEASURE(0.0794782005140606),$);
#1559= IFCPROPERTYSINGLEVALUE('Gross area',$,IFCAREAMEASURE(0.0355812576971436),$);
#1560= IFCPROPERTYSINGLEVALUE('Height',$,IFCLENGTHMEASURE(95.6999969482422),$);
#1561= IFCPROPERTYSINGLEVALUE('Width',$,IFCLENGTHMEASURE(10.),$);
#1562= IFCPROPERTYSINGLEVALUE('Length',$,IFCLENGTHMEASURE(371.799987792969),$);
#1563= IFCPROPERTYSET('2CtXe1VIr0rw7ly7yN66b7',#5,'Tekla Quantity','Quantity Properties to Shared building elements',(#1549,#1550,#1551,#1552,#1553,#1554,#1555,#1556,#1557,#1558,#1559,#1560,#1561,#1562));
#1564= IFCPROPERTYSINGLEVALUE('MO_Storey',$,$,$);
#1565= IFCPROPERTYSINGLEVALUE('MO_Section',$,$,$);
#1566= IFCPROPERTYSET('1GejC92m517hOQTNaDtnay',#5,'Tekla_ModelOrganizer',$,(#1564,#1565));
#1567= IFCPROPERTYSINGLEVALUE('AssemblyDesignCheckedBy',$,$,$);
#1568= IFCPROPERTYSINGLEVALUE('AssemblyDesignComment',$,$,$);
#1569= IFCPROPERTYSINGLEVALUE('AssemblyDesignAssignedTo',$,$,$);
#1570= IFCPROPERTYSINGLEVALUE('AssemblyDesignCode',$,$,$);
#1571= IFCPROPERTYSINGLEVALUE('AssemblyDesignPlansStatus',$,$,$);
#1572= IFCPROPERTYSINGLEVALUE('AssemblyDesignCheckDate',$,$,$);
#1573= IFCPROPERTYSINGLEVALUE('AssemblyPlannedStartDesign',$,$,$);
#1574= IFCPROPERTYSINGLEVALUE('AssemblyPlannedEndDesign',$,$,$);
#1575= IFCPROPERTYSINGLEVALUE('AssemblyActualStartDesign',$,$,$);
#1576= IFCPROPERTYSINGLEVALUE('AssemblyActualEndDesign',$,$,$);
#1577= IFCPROPERTYSINGLEVALUE('AssemblyFabricationCode',$,$,$);
#1578= IFCPROPERTYSINGLEVALUE('AssemblyFabricationDeliveryNumber',$,$,$);
#1579= IFCPROPERTYSINGLEVALUE('AssemblyFabricationPackageNumber',$,$,$);
#1580= IFCPROPERTYSINGLEVALUE('AssemblyFabricationShipmentNumber',$,$,$);
#1581= IFCPROPERTYSINGLEVALUE('AssemblyFabricationStatus',$,$,$);
#1582= IFCPROPERTYSINGLEVALUE('AssemblyPlannedStartFabrication',$,$,$);
#1583= IFCPROPERTYSINGLEVALUE('AssemblyPlannedEndFabrication',$,$,$);
#1584= IFCPROPERTYSINGLEVALUE('AssemblyActualStartFabrication',$,$,$);
#1585= IFCPROPERTYSINGLEVALUE('AssemblyActualEndFabrication',$,$,$);
#1586= IFCPROPERTYSINGLEVALUE('AssemblyErectionCode',$,$,$);
#1587= IFCPROPERTYSINGLEVALUE('AssemblyErectionComment',$,$,$);
#1588= IFCPROPERTYSINGLEVALUE('AssemblyErectionStatus',$,$,$);
#1589= IFCPROPERTYSINGLEVALUE('AssemblyErectionCIPStatus',$,$,$);
#1590= IFCPROPERTYSINGLEVALUE('AssemblyPlannedStartErection',$,$,$);
#1591= IFCPROPERTYSINGLEVALUE('AssemblyPlannedEndErection',$,$,$);
#1592= IFCPROPERTYSINGLEVALUE('AssemblyActualStartErection',$,$,$);
#1593= IFCPROPERTYSINGLEVALUE('AssemblyActualEndErection',$,$,$);
#1594= IFCPROPERTYSET('0Oz$3RUB98j9xEGVceJKUj',#5,'Tekla_4D',$,(#1567,#1568,#1569,#1570,#1571,#1572,#1573,#1574,#1575,#1576,#1577,#1578,#1579,#1580,#1581,#1582,#1583,#1584,#1585,#1586,#1587,#1588,#1589,#1590,#1591,#1592,#1593));
#1595= IFCCARTESIANPOINT((1550.,5004.09999999998,11985.9));
#1596= IFCAXIS2PLACEMENT3D(#1595,#55,#8);
#1597= IFCLOCALPLACEMENT(#32,#1596);
#1598= IFCSHAPEREPRESENTATION(#12,'Body','Brep',(#1466));
#1599= IFCPRODUCTDEFINITIONSHAPE($,$,(#1598));
#1600= IFCPLATE('1gbEI2000vop4tE3WnDZ4m',#5,'\X2\677F\X0\','PL10*96','PL10*96',#1597,#1599,'ID6a94e482-0000-39cb-3137-383831363130');
#1601= IFCPROPERTYSINGLEVALUE('Bottom elevation',$,IFCLABEL(' +11.614'),$);
#1602= IFCPROPERTYSINGLEVALUE('Top elevation',$,IFCLABEL(' +11.986'),$);
#1603= IFCPROPERTYSINGLEVALUE('Part mark',$,IFCLABEL('NB16'),$);
#1604= IFCPROPERTYSINGLEVALUE('Assembly mark',$,IFCLABEL('4KL-5'),$);
#1605= IFCPROPERTYSINGLEVALUE('Preliminary mark',$,IFCLABEL(''),$);
#1606= IFCPROPERTYSINGLEVALUE('Control number',$,$,$);
#1607= IFCPROPERTYSINGLEVALUE('Phase',$,IFCINTEGER(1),$);
#1608= IFCPROPERTYSINGLEVALUE('Class',$,IFCLABEL('99'),$);
#1609= IFCPROPERTYSINGLEVALUE('Finish',$,IFCLABEL(''),$);
#1610= IFCPROPERTYSINGLEVALUE('Grade',$,IFCLABEL('Q355B'),$);
#1611= IFCPROPERTYSINGLEVALUE('Profile',$,IFCLABEL('PL10*96'),$);
#1612= IFCPROPERTYSINGLEVALUE('Name',$,IFCLABEL('\X2\677F\X0\'),$);
#1613= IFCPROPERTYSET('2fuc2KKIH3ywaiaz0iov3f',#5,'Tekla Common','Common Properties to Shared building elements',(#1601,#1602,#1603,#1604,#1605,#1606,#1607,#1608,#1609,#1610,#1611,#1612));
#1614= IFCPROPERTYSINGLEVALUE('AssemblyWeight',$,IFCMASSMEASURE(373.796451265588),$);
#1615= IFCPROPERTYSINGLEVALUE('Net weight',$,IFCMASSMEASURE(2.76172872922578),$);
#1616= IFCPROPERTYSINGLEVALUE('Gross weight',$,IFCMASSMEASURE(2.7931287292258),$);
#1617= IFCPROPERTYSINGLEVALUE('Weight',$,IFCMASSMEASURE(2.76172872922578),$);
#1618= IFCPROPERTYSINGLEVALUE('Net volume',$,IFCVOLUMEMEASURE(0.000351812576971437),$);
#1619= IFCPROPERTYSINGLEVALUE('Gross volume',$,IFCVOLUMEMEASURE(0.000351812576971437),$);
#1620= IFCPROPERTYSINGLEVALUE('Volume',$,IFCVOLUMEMEASURE(0.000351812576971437),$);
#1621= IFCPROPERTYSINGLEVALUE('Gross footprint area',$,IFCAREAMEASURE(0.000756999969482422),$);
#1622= IFCPROPERTYSINGLEVALUE('Area per tons',$,IFCAREAMEASURE(28.7784240620699),$);
#1623= IFCPROPERTYSINGLEVALUE('Net surface area',$,IFCAREAMEASURE(0.0794782005140608),$);
#1624= IFCPROPERTYSINGLEVALUE('Gross area',$,IFCAREAMEASURE(0.0355812576971439),$);
#1625= IFCPROPERTYSINGLEVALUE('Height',$,IFCLENGTHMEASURE(95.6999969482431),$);
#1626= IFCPROPERTYSINGLEVALUE('Width',$,IFCLENGTHMEASURE(10.),$);
#1627= IFCPROPERTYSINGLEVALUE('Length',$,IFCLENGTHMEASURE(371.799987792969),$);
#1628= IFCPROPERTYSET('03jFnIj1n6KQgWRWieXL7G',#5,'Tekla Quantity','Quantity Properties to Shared building elements',(#1614,#1615,#1616,#1617,#1618,#1619,#1620,#1621,#1622,#1623,#1624,#1625,#1626,#1627));
#1629= IFCPROPERTYSINGLEVALUE('MO_Storey',$,$,$);
#1630= IFCPROPERTYSINGLEVALUE('MO_Section',$,$,$);
#1631= IFCPROPERTYSET('1HgPUhCi9FJQp_V9RgFXQl',#5,'Tekla_ModelOrganizer',$,(#1629,#1630));
#1632= IFCPROPERTYSINGLEVALUE('AssemblyDesignCheckedBy',$,$,$);
#1633= IFCPROPERTYSINGLEVALUE('AssemblyDesignComment',$,$,$);
#1634= IFCPROPERTYSINGLEVALUE('AssemblyDesignAssignedTo',$,$,$);
#1635= IFCPROPERTYSINGLEVALUE('AssemblyDesignCode',$,$,$);
#1636= IFCPROPERTYSINGLEVALUE('AssemblyDesignPlansStatus',$,$,$);
#1637= IFCPROPERTYSINGLEVALUE('AssemblyDesignCheckDate',$,$,$);
#1638= IFCPROPERTYSINGLEVALUE('AssemblyPlannedStartDesign',$,$,$);
#1639= IFCPROPERTYSINGLEVALUE('AssemblyPlannedEndDesign',$,$,$);
#1640= IFCPROPERTYSINGLEVALUE('AssemblyActualStartDesign',$,$,$);
#1641= IFCPROPERTYSINGLEVALUE('AssemblyActualEndDesign',$,$,$);
#1642= IFCPROPERTYSINGLEVALUE('AssemblyFabricationCode',$,$,$);
#1643= IFCPROPERTYSINGLEVALUE('AssemblyFabricationDeliveryNumber',$,$,$);
#1644= IFCPROPERTYSINGLEVALUE('AssemblyFabricationPackageNumber',$,$,$);
#1645= IFCPROPERTYSINGLEVALUE('AssemblyFabricationShipmentNumber',$,$,$);
#1646= IFCPROPERTYSINGLEVALUE('AssemblyFabricationStatus',$,$,$);
#1647= IFCPROPERTYSINGLEVALUE('AssemblyPlannedStartFabrication',$,$,$);
#1648= IFCPROPERTYSINGLEVALUE('AssemblyPlannedEndFabrication',$,$,$);
#1649= IFCPROPERTYSINGLEVALUE('AssemblyActualStartFabrication',$,$,$);
#1650= IFCPROPERTYSINGLEVALUE('AssemblyActualEndFabrication',$,$,$);
#1651= IFCPROPERTYSINGLEVALUE('AssemblyErectionCode',$,$,$);
#1652= IFCPROPERTYSINGLEVALUE('AssemblyErectionComment',$,$,$);
#1653= IFCPROPERTYSINGLEVALUE('AssemblyErectionStatus',$,$,$);
#1654= IFCPROPERTYSINGLEVALUE('AssemblyErectionCIPStatus',$,$,$);
#1655= IFCPROPERTYSINGLEVALUE('AssemblyPlannedStartErection',$,$,$);
#1656= IFCPROPERTYSINGLEVALUE('AssemblyPlannedEndErection',$,$,$);
#1657= IFCPROPERTYSINGLEVALUE('AssemblyActualStartErection',$,$,$);
#1658= IFCPROPERTYSINGLEVALUE('AssemblyActualEndErection',$,$,$);
#1659= IFCPROPERTYSET('2tKMVbveDCq8Bh$900ufmZ',#5,'Tekla_4D',$,(#1632,#1633,#1634,#1635,#1636,#1637,#1638,#1639,#1640,#1641,#1642,#1643,#1644,#1645,#1646,#1647,#1648,#1649,#1650,#1651,#1652,#1653,#1654,#1655,#1656,#1657,#1658));
#1660= IFCCARTESIANPOINT((5250.,4900.2,11985.9));
#1661= IFCAXIS2PLACEMENT3D(#1660,#55,#8);
#1662= IFCLOCALPLACEMENT(#32,#1661);
#1663= IFCSHAPEREPRESENTATION(#12,'Body','Brep',(#1231));
#1664= IFCPRODUCTDEFINITIONSHAPE($,$,(#1663));
#1665= IFCPLATE('1gbEI20010Hp4tE3WnDZCq',#5,'\X2\677F\X0\','PL10*96','PL10*96',#1662,#1664,'ID6a94e482-0000-4047-3137-383831363334');
#1666= IFCPROPERTYSINGLEVALUE('Bottom elevation',$,IFCLABEL(' +11.614'),$);
#1667= IFCPROPERTYSINGLEVALUE('Top elevation',$,IFCLABEL(' +11.986'),$);
#1668= IFCPROPERTYSINGLEVALUE('Part mark',$,IFCLABEL('NB16'),$);
#1669= IFCPROPERTYSINGLEVALUE('Assembly mark',$,IFCLABEL('4KL-5'),$);
#1670= IFCPROPERTYSINGLEVALUE('Preliminary mark',$,IFCLABEL(''),$);
#1671= IFCPROPERTYSINGLEVALUE('Control number',$,$,$);
#1672= IFCPROPERTYSINGLEVALUE('Phase',$,IFCINTEGER(1),$);
#1673= IFCPROPERTYSINGLEVALUE('Class',$,IFCLABEL('99'),$);
#1674= IFCPROPERTYSINGLEVALUE('Finish',$,IFCLABEL(''),$);
#1675= IFCPROPERTYSINGLEVALUE('Grade',$,IFCLABEL('Q355B'),$);
#1676= IFCPROPERTYSINGLEVALUE('Profile',$,IFCLABEL('PL10*96'),$);
#1677= IFCPROPERTYSINGLEVALUE('Name',$,IFCLABEL('\X2\677F\X0\'),$);
#1678= IFCPROPERTYSET('1Z17CppBj4yxEpXmOO0z8t',#5,'Tekla Common','Common Properties to Shared building elements',(#1666,#1667,#1668,#1669,#1670,#1671,#1672,#1673,#1674,#1675,#1676,#1677));
#1679= IFCPROPERTYSINGLEVALUE('AssemblyWeight',$,IFCMASSMEASURE(373.796451265588),$);
#1680= IFCPROPERTYSINGLEVALUE('Net weight',$,IFCMASSMEASURE(2.76172872922576),$);
#1681= IFCPROPERTYSINGLEVALUE('Gross weight',$,IFCMASSMEASURE(2.79312872922577),$);
#1682= IFCPROPERTYSINGLEVALUE('Weight',$,IFCMASSMEASURE(2.76172872922576),$);
#1683= IFCPROPERTYSINGLEVALUE('Net volume',$,IFCVOLUMEMEASURE(0.000351812576971435),$);
#1684= IFCPROPERTYSINGLEVALUE('Gross volume',$,IFCVOLUMEMEASURE(0.000351812576971435),$);
#1685= IFCPROPERTYSINGLEVALUE('Volume',$,IFCVOLUMEMEASURE(0.000351812576971435),$);
#1686= IFCPROPERTYSINGLEVALUE('Gross footprint area',$,IFCAREAMEASURE(0.000756999969482422),$);
#1687= IFCPROPERTYSINGLEVALUE('Area per tons',$,IFCAREAMEASURE(28.7784240620699),$);
#1688= IFCPROPERTYSINGLEVALUE('Net surface area',$,IFCAREAMEASURE(0.0794782005140604),$);
#1689= IFCPROPERTYSINGLEVALUE('Gross area',$,IFCAREAMEASURE(0.0355812576971436),$);
#1690= IFCPROPERTYSINGLEVALUE('Height',$,IFCLENGTHMEASURE(95.6999969482422),$);
#1691= IFCPROPERTYSINGLEVALUE('Width',$,IFCLENGTHMEASURE(10.),$);
#1692= IFCPROPERTYSINGLEVALUE('Length',$,IFCLENGTHMEASURE(371.799987792969),$);
#1693= IFCPROPERTYSET('14GchzW2L3WhIQndpRzffx',#5,'Tekla Quantity','Quantity Properties to Shared building elements',(#1679,#1680,#1681,#1682,#1683,#1684,#1685,#1686,#1687,#1688,#1689,#1690,#1691,#1692));
#1694= IFCPROPERTYSINGLEVALUE('MO_Storey',$,$,$);
#1695= IFCPROPERTYSINGLEVALUE('MO_Section',$,$,$);
#1696= IFCPROPERTYSET('0kAw0S1e1Biuo1KKEswrPc',#5,'Tekla_ModelOrganizer',$,(#1694,#1695));
#1697= IFCPROPERTYSINGLEVALUE('AssemblyDesignCheckedBy',$,$,$);
#1698= IFCPROPERTYSINGLEVALUE('AssemblyDesignComment',$,$,$);
#1699= IFCPROPERTYSINGLEVALUE('AssemblyDesignAssignedTo',$,$,$);
#1700= IFCPROPERTYSINGLEVALUE('AssemblyDesignCode',$,$,$);
#1701= IFCPROPERTYSINGLEVALUE('AssemblyDesignPlansStatus',$,$,$);
#1702= IFCPROPERTYSINGLEVALUE('AssemblyDesignCheckDate',$,$,$);
#1703= IFCPROPERTYSINGLEVALUE('AssemblyPlannedStartDesign',$,$,$);
#1704= IFCPROPERTYSINGLEVALUE('AssemblyPlannedEndDesign',$,$,$);
#1705= IFCPROPERTYSINGLEVALUE('AssemblyActualStartDesign',$,$,$);
#1706= IFCPROPERTYSINGLEVALUE('AssemblyActualEndDesign',$,$,$);
#1707= IFCPROPERTYSINGLEVALUE('AssemblyFabricationCode',$,$,$);
#1708= IFCPROPERTYSINGLEVALUE('AssemblyFabricationDeliveryNumber',$,$,$);
#1709= IFCPROPERTYSINGLEVALUE('AssemblyFabricationPackageNumber',$,$,$);
#1710= IFCPROPERTYSINGLEVALUE('AssemblyFabricationShipmentNumber',$,$,$);
#1711= IFCPROPERTYSINGLEVALUE('AssemblyFabricationStatus',$,$,$);
#1712= IFCPROPERTYSINGLEVALUE('AssemblyPlannedStartFabrication',$,$,$);
#1713= IFCPROPERTYSINGLEVALUE('AssemblyPlannedEndFabrication',$,$,$);
#1714= IFCPROPERTYSINGLEVALUE('AssemblyActualStartFabrication',$,$,$);
#1715= IFCPROPERTYSINGLEVALUE('AssemblyActualEndFabrication',$,$,$);
#1716= IFCPROPERTYSINGLEVALUE('AssemblyErectionCode',$,$,$);
#1717= IFCPROPERTYSINGLEVALUE('AssemblyErectionComment',$,$,$);
#1718= IFCPROPERTYSINGLEVALUE('AssemblyErectionStatus',$,$,$);
#1719= IFCPROPERTYSINGLEVALUE('AssemblyErectionCIPStatus',$,$,$);
#1720= IFCPROPERTYSINGLEVALUE('AssemblyPlannedStartErection',$,$,$);
#1721= IFCPROPERTYSINGLEVALUE('AssemblyPlannedEndErection',$,$,$);
#1722= IFCPROPERTYSINGLEVALUE('AssemblyActualStartErection',$,$,$);
#1723= IFCPROPERTYSINGLEVALUE('AssemblyActualEndErection',$,$,$);
#1724= IFCPROPERTYSET('2heymzwF58Gvzu0D9OhAR1',#5,'Tekla_4D',$,(#1697,#1698,#1699,#1700,#1701,#1702,#1703,#1704,#1705,#1706,#1707,#1708,#1709,#1710,#1711,#1712,#1713,#1714,#1715,#1716,#1717,#1718,#1719,#1720,#1721,#1722,#1723));
#1725= IFCCARTESIANPOINT((4650.,4900.20000000002,11985.9));
#1726= IFCAXIS2PLACEMENT3D(#1725,#55,#8);
#1727= IFCLOCALPLACEMENT(#32,#1726);
#1728= IFCSHAPEREPRESENTATION(#12,'Body','Brep',(#1231));
#1729= IFCPRODUCTDEFINITIONSHAPE($,$,(#1728));
#1730= IFCPLATE('1gbEI20010LJ4tE3WnDZCq',#5,'\X2\677F\X0\','PL10*96','PL10*96',#1727,#1729,'ID6a94e482-0000-4055-3137-383831363334');
#1731= IFCPROPERTYSINGLEVALUE('Bottom elevation',$,IFCLABEL(' +11.614'),$);
#1732= IFCPROPERTYSINGLEVALUE('Top elevation',$,IFCLABEL(' +11.986'),$);
#1733= IFCPROPERTYSINGLEVALUE('Part mark',$,IFCLABEL('NB16'),$);
#1734= IFCPROPERTYSINGLEVALUE('Assembly mark',$,IFCLABEL('4KL-5'),$);
#1735= IFCPROPERTYSINGLEVALUE('Preliminary mark',$,IFCLABEL(''),$);
#1736= IFCPROPERTYSINGLEVALUE('Control number',$,$,$);
#1737= IFCPROPERTYSINGLEVALUE('Phase',$,IFCINTEGER(1),$);
#1738= IFCPROPERTYSINGLEVALUE('Class',$,IFCLABEL('99'),$);
#1739= IFCPROPERTYSINGLEVALUE('Finish',$,IFCLABEL(''),$);
#1740= IFCPROPERTYSINGLEVALUE('Grade',$,IFCLABEL('Q355B'),$);
#1741= IFCPROPERTYSINGLEVALUE('Profile',$,IFCLABEL('PL10*96'),$);
#1742= IFCPROPERTYSINGLEVALUE('Name',$,IFCLABEL('\X2\677F\X0\'),$);
#1743= IFCPROPERTYSET('1ybYps0nLAYfRUMQeIQT5K',#5,'Tekla Common','Common Properties to Shared building elements',(#1731,#1732,#1733,#1734,#1735,#1736,#1737,#1738,#1739,#1740,#1741,#1742));
#1744= IFCPROPERTYSINGLEVALUE('AssemblyWeight',$,IFCMASSMEASURE(373.796451265588),$);
#1745= IFCPROPERTYSINGLEVALUE('Net weight',$,IFCMASSMEASURE(2.76172872922576),$);
#1746= IFCPROPERTYSINGLEVALUE('Gross weight',$,IFCMASSMEASURE(2.79312872922577),$);
#1747= IFCPROPERTYSINGLEVALUE('Weight',$,IFCMASSMEASURE(2.76172872922576),$);
#1748= IFCPROPERTYSINGLEVALUE('Net volume',$,IFCVOLUMEMEASURE(0.000351812576971435),$);
#1749= IFCPROPERTYSINGLEVALUE('Gross volume',$,IFCVOLUMEMEASURE(0.000351812576971435),$);
#1750= IFCPROPERTYSINGLEVALUE('Volume',$,IFCVOLUMEMEASURE(0.000351812576971435),$);
#1751= IFCPROPERTYSINGLEVALUE('Gross footprint area',$,IFCAREAMEASURE(0.000756999969482422),$);
#1752= IFCPROPERTYSINGLEVALUE('Area per tons',$,IFCAREAMEASURE(28.7784240620699),$);
#1753= IFCPROPERTYSINGLEVALUE('Net surface area',$,IFCAREAMEASURE(0.0794782005140604),$);
#1754= IFCPROPERTYSINGLEVALUE('Gross area',$,IFCAREAMEASURE(0.0355812576971436),$);
#1755= IFCPROPERTYSINGLEVALUE('Height',$,IFCLENGTHMEASURE(95.6999969482422),$);
#1756= IFCPROPERTYSINGLEVALUE('Width',$,IFCLENGTHMEASURE(10.),$);
#1757= IFCPROPERTYSINGLEVALUE('Length',$,IFCLENGTHMEASURE(371.799987792969),$);
#1758= IFCPROPERTYSET('3bvW6q8dn0NviGbz4cQpD1',#5,'Tekla Quantity','Quantity Properties to Shared building elements',(#1744,#1745,#1746,#1747,#1748,#1749,#1750,#1751,#1752,#1753,#1754,#1755,#1756,#1757));
#1759= IFCPROPERTYSINGLEVALUE('MO_Storey',$,$,$);
#1760= IFCPROPERTYSINGLEVALUE('MO_Section',$,$,$);
#1761= IFCPROPERTYSET('2HGmh$zHr9dw_HcOD91gm0',#5,'Tekla_ModelOrganizer',$,(#1759,#1760));
#1762= IFCPROPERTYSINGLEVALUE('AssemblyDesignCheckedBy',$,$,$);
#1763= IFCPROPERTYSINGLEVALUE('AssemblyDesignComment',$,$,$);
#1764= IFCPROPERTYSINGLEVALUE('AssemblyDesignAssignedTo',$,$,$);
#1765= IFCPROPERTYSINGLEVALUE('AssemblyDesignCode',$,$,$);
#1766= IFCPROPERTYSINGLEVALUE('AssemblyDesignPlansStatus',$,$,$);
#1767= IFCPROPERTYSINGLEVALUE('AssemblyDesignCheckDate',$,$,$);
#1768= IFCPROPERTYSINGLEVALUE('AssemblyPlannedStartDesign',$,$,$);
#1769= IFCPROPERTYSINGLEVALUE('AssemblyPlannedEndDesign',$,$,$);
#1770= IFCPROPERTYSINGLEVALUE('AssemblyActualStartDesign',$,$,$);
#1771= IFCPROPERTYSINGLEVALUE('AssemblyActualEndDesign',$,$,$);
#1772= IFCPROPERTYSINGLEVALUE('AssemblyFabricationCode',$,$,$);
#1773= IFCPROPERTYSINGLEVALUE('AssemblyFabricationDeliveryNumber',$,$,$);
#1774= IFCPROPERTYSINGLEVALUE('AssemblyFabricationPackageNumber',$,$,$);
#1775= IFCPROPERTYSINGLEVALUE('AssemblyFabricationShipmentNumber',$,$,$);
#1776= IFCPROPERTYSINGLEVALUE('AssemblyFabricationStatus',$,$,$);
#1777= IFCPROPERTYSINGLEVALUE('AssemblyPlannedStartFabrication',$,$,$);
#1778= IFCPROPERTYSINGLEVALUE('AssemblyPlannedEndFabrication',$,$,$);
#1779= IFCPROPERTYSINGLEVALUE('AssemblyActualStartFabrication',$,$,$);
#1780= IFCPROPERTYSINGLEVALUE('AssemblyActualEndFabrication',$,$,$);
#1781= IFCPROPERTYSINGLEVALUE('AssemblyErectionCode',$,$,$);
#1782= IFCPROPERTYSINGLEVALUE('AssemblyErectionComment',$,$,$);
#1783= IFCPROPERTYSINGLEVALUE('AssemblyErectionStatus',$,$,$);
#1784= IFCPROPERTYSINGLEVALUE('AssemblyErectionCIPStatus',$,$,$);
#1785= IFCPROPERTYSINGLEVALUE('AssemblyPlannedStartErection',$,$,$);
#1786= IFCPROPERTYSINGLEVALUE('AssemblyPlannedEndErection',$,$,$);
#1787= IFCPROPERTYSINGLEVALUE('AssemblyActualStartErection',$,$,$);
#1788= IFCPROPERTYSINGLEVALUE('AssemblyActualEndErection',$,$,$);
#1789= IFCPROPERTYSET('1ZMXOh$cfFUgnD97lQy9g8',#5,'Tekla_4D',$,(#1762,#1763,#1764,#1765,#1766,#1767,#1768,#1769,#1770,#1771,#1772,#1773,#1774,#1775,#1776,#1777,#1778,#1779,#1780,#1781,#1782,#1783,#1784,#1785,#1786,#1787,#1788));
#1790= IFCCARTESIANPOINT((5250.,5004.10000000005,11985.9));
#1791= IFCAXIS2PLACEMENT3D(#1790,#55,#8);
#1792= IFCLOCALPLACEMENT(#32,#1791);
#1793= IFCSHAPEREPRESENTATION(#12,'Body','Brep',(#1466));
#1794= IFCPRODUCTDEFINITIONSHAPE($,$,(#1793));
#1795= IFCPLATE('1gbEI20010Op4tE3WnDZCq',#5,'\X2\677F\X0\','PL10*96','PL10*96',#1792,#1794,'ID6a94e482-0000-4063-3137-383831363334');
#1796= IFCPROPERTYSINGLEVALUE('Bottom elevation',$,IFCLABEL(' +11.614'),$);
#1797= IFCPROPERTYSINGLEVALUE('Top elevation',$,IFCLABEL(' +11.986'),$);
#1798= IFCPROPERTYSINGLEVALUE('Part mark',$,IFCLABEL('NB16'),$);
#1799= IFCPROPERTYSINGLEVALUE('Assembly mark',$,IFCLABEL('4KL-5'),$);
#1800= IFCPROPERTYSINGLEVALUE('Preliminary mark',$,IFCLABEL(''),$);
#1801= IFCPROPERTYSINGLEVALUE('Control number',$,$,$);
#1802= IFCPROPERTYSINGLEVALUE('Phase',$,IFCINTEGER(1),$);
#1803= IFCPROPERTYSINGLEVALUE('Class',$,IFCLABEL('99'),$);
#1804= IFCPROPERTYSINGLEVALUE('Finish',$,IFCLABEL(''),$);
#1805= IFCPROPERTYSINGLEVALUE('Grade',$,IFCLABEL('Q355B'),$);
#1806= IFCPROPERTYSINGLEVALUE('Profile',$,IFCLABEL('PL10*96'),$);
#1807= IFCPROPERTYSINGLEVALUE('Name',$,IFCLABEL('\X2\677F\X0\'),$);
#1808= IFCPROPERTYSET('3IySbrNE9E6xBcUw_$37hc',#5,'Tekla Common','Common Properties to Shared building elements',(#1796,#1797,#1798,#1799,#1800,#1801,#1802,#1803,#1804,#1805,#1806,#1807));
#1809= IFCPROPERTYSINGLEVALUE('AssemblyWeight',$,IFCMASSMEASURE(373.796451265588),$);
#1810= IFCPROPERTYSINGLEVALUE('Net weight',$,IFCMASSMEASURE(2.76172872922577),$);
#1811= IFCPROPERTYSINGLEVALUE('Gross weight',$,IFCMASSMEASURE(2.79312872922577),$);
#1812= IFCPROPERTYSINGLEVALUE('Weight',$,IFCMASSMEASURE(2.76172872922577),$);
#1813= IFCPROPERTYSINGLEVALUE('Net volume',$,IFCVOLUMEMEASURE(0.000351812576971435),$);
#1814= IFCPROPERTYSINGLEVALUE('Gross volume',$,IFCVOLUMEMEASURE(0.000351812576971435),$);
#1815= IFCPROPERTYSINGLEVALUE('Volume',$,IFCVOLUMEMEASURE(0.000351812576971435),$);
#1816= IFCPROPERTYSINGLEVALUE('Gross footprint area',$,IFCAREAMEASURE(0.000756999969482422),$);
#1817= IFCPROPERTYSINGLEVALUE('Area per tons',$,IFCAREAMEASURE(28.7784240620699),$);
#1818= IFCPROPERTYSINGLEVALUE('Net surface area',$,IFCAREAMEASURE(0.0794782005140605),$);
#1819= IFCPROPERTYSINGLEVALUE('Gross area',$,IFCAREAMEASURE(0.0355812576971436),$);
#1820= IFCPROPERTYSINGLEVALUE('Height',$,IFCLENGTHMEASURE(95.6999969482422),$);
#1821= IFCPROPERTYSINGLEVALUE('Width',$,IFCLENGTHMEASURE(10.),$);
#1822= IFCPROPERTYSINGLEVALUE('Length',$,IFCLENGTHMEASURE(371.799987792969),$);
#1823= IFCPROPERTYSET('0cV2AvS3LBHP9VpFoltubR',#5,'Tekla Quantity','Quantity Properties to Shared building elements',(#1809,#1810,#1811,#1812,#1813,#1814,#1815,#1816,#1817,#1818,#1819,#1820,#1821,#1822));
#1824= IFCPROPERTYSINGLEVALUE('MO_Storey',$,$,$);
#1825= IFCPROPERTYSINGLEVALUE('MO_Section',$,$,$);
#1826= IFCPROPERTYSET('3QS3r6C9P0UuIKMBTzwtui',#5,'Tekla_ModelOrganizer',$,(#1824,#1825));
#1827= IFCPROPERTYSINGLEVALUE('AssemblyDesignCheckedBy',$,$,$);
#1828= IFCPROPERTYSINGLEVALUE('AssemblyDesignComment',$,$,$);
#1829= IFCPROPERTYSINGLEVALUE('AssemblyDesignAssignedTo',$,$,$);
#1830= IFCPROPERTYSINGLEVALUE('AssemblyDesignCode',$,$,$);
#1831= IFCPROPERTYSINGLEVALUE('AssemblyDesignPlansStatus',$,$,$);
#1832= IFCPROPERTYSINGLEVALUE('AssemblyDesignCheckDate',$,$,$);
#1833= IFCPROPERTYSINGLEVALUE('AssemblyPlannedStartDesign',$,$,$);
#1834= IFCPROPERTYSINGLEVALUE('AssemblyPlannedEndDesign',$,$,$);
#1835= IFCPROPERTYSINGLEVALUE('AssemblyActualStartDesign',$,$,$);
#1836= IFCPROPERTYSINGLEVALUE('AssemblyActualEndDesign',$,$,$);
#1837= IFCPROPERTYSINGLEVALUE('AssemblyFabricationCode',$,$,$);
#1838= IFCPROPERTYSINGLEVALUE('AssemblyFabricationDeliveryNumber',$,$,$);
#1839= IFCPROPERTYSINGLEVALUE('AssemblyFabricationPackageNumber',$,$,$);
#1840= IFCPROPERTYSINGLEVALUE('AssemblyFabricationShipmentNumber',$,$,$);
#1841= IFCPROPERTYSINGLEVALUE('AssemblyFabricationStatus',$,$,$);
#1842= IFCPROPERTYSINGLEVALUE('AssemblyPlannedStartFabrication',$,$,$);
#1843= IFCPROPERTYSINGLEVALUE('AssemblyPlannedEndFabrication',$,$,$);
#1844= IFCPROPERTYSINGLEVALUE('AssemblyActualStartFabrication',$,$,$);
#1845= IFCPROPERTYSINGLEVALUE('AssemblyActualEndFabrication',$,$,$);
#1846= IFCPROPERTYSINGLEVALUE('AssemblyErectionCode',$,$,$);
#1847= IFCPROPERTYSINGLEVALUE('AssemblyErectionComment',$,$,$);
#1848= IFCPROPERTYSINGLEVALUE('AssemblyErectionStatus',$,$,$);
#1849= IFCPROPERTYSINGLEVALUE('AssemblyErectionCIPStatus',$,$,$);
#1850= IFCPROPERTYSINGLEVALUE('AssemblyPlannedStartErection',$,$,$);
#1851= IFCPROPERTYSINGLEVALUE('AssemblyPlannedEndErection',$,$,$);
#1852= IFCPROPERTYSINGLEVALUE('AssemblyActualStartErection',$,$,$);
#1853= IFCPROPERTYSINGLEVALUE('AssemblyActualEndErection',$,$,$);
#1854= IFCPROPERTYSET('1sJZ9S0iL0tOJuJgntZMdp',#5,'Tekla_4D',$,(#1827,#1828,#1829,#1830,#1831,#1832,#1833,#1834,#1835,#1836,#1837,#1838,#1839,#1840,#1841,#1842,#1843,#1844,#1845,#1846,#1847,#1848,#1849,#1850,#1851,#1852,#1853));
#1855= IFCCARTESIANPOINT((4650.00000000002,5004.10000000006,11985.9000000001));
#1856= IFCAXIS2PLACEMENT3D(#1855,#55,#8);
#1857= IFCLOCALPLACEMENT(#32,#1856);
#1858= IFCSHAPEREPRESENTATION(#12,'Body','Brep',(#1466));
#1859= IFCPRODUCTDEFINITIONSHAPE($,$,(#1858));
#1860= IFCPLATE('1gbEI20010SJ4tE3WnDZCq',#5,'\X2\677F\X0\','PL10*96','PL10*96',#1857,#1859,'ID6a94e482-0000-4071-3137-383831363334');
#1861= IFCPROPERTYSINGLEVALUE('Bottom elevation',$,IFCLABEL(' +11.614'),$);
#1862= IFCPROPERTYSINGLEVALUE('Top elevation',$,IFCLABEL(' +11.986'),$);
#1863= IFCPROPERTYSINGLEVALUE('Part mark',$,IFCLABEL('NB16'),$);
#1864= IFCPROPERTYSINGLEVALUE('Assembly mark',$,IFCLABEL('4KL-5'),$);
#1865= IFCPROPERTYSINGLEVALUE('Preliminary mark',$,IFCLABEL(''),$);
#1866= IFCPROPERTYSINGLEVALUE('Control number',$,$,$);
#1867= IFCPROPERTYSINGLEVALUE('Phase',$,IFCINTEGER(1),$);
#1868= IFCPROPERTYSINGLEVALUE('Class',$,IFCLABEL('99'),$);
#1869= IFCPROPERTYSINGLEVALUE('Finish',$,IFCLABEL(''),$);
#1870= IFCPROPERTYSINGLEVALUE('Grade',$,IFCLABEL('Q355B'),$);
#1871= IFCPROPERTYSINGLEVALUE('Profile',$,IFCLABEL('PL10*96'),$);
#1872= IFCPROPERTYSINGLEVALUE('Name',$,IFCLABEL('\X2\677F\X0\'),$);
#1873= IFCPROPERTYSET('1I39_c18TF9PTtgkddugZL',#5,'Tekla Common','Common Properties to Shared building elements',(#1861,#1862,#1863,#1864,#1865,#1866,#1867,#1868,#1869,#1870,#1871,#1872));
#1874= IFCPROPERTYSINGLEVALUE('AssemblyWeight',$,IFCMASSMEASURE(373.796451265588),$);
#1875= IFCPROPERTYSINGLEVALUE('Net weight',$,IFCMASSMEASURE(2.76172872922576),$);
#1876= IFCPROPERTYSINGLEVALUE('Gross weight',$,IFCMASSMEASURE(2.79312872922577),$);
#1877= IFCPROPERTYSINGLEVALUE('Weight',$,IFCMASSMEASURE(2.76172872922576),$);
#1878= IFCPROPERTYSINGLEVALUE('Net volume',$,IFCVOLUMEMEASURE(0.000351812576971434),$);
#1879= IFCPROPERTYSINGLEVALUE('Gross volume',$,IFCVOLUMEMEASURE(0.000351812576971434),$);
#1880= IFCPROPERTYSINGLEVALUE('Volume',$,IFCVOLUMEMEASURE(0.000351812576971434),$);
#1881= IFCPROPERTYSINGLEVALUE('Gross footprint area',$,IFCAREAMEASURE(0.000756999969482422),$);
#1882= IFCPROPERTYSINGLEVALUE('Area per tons',$,IFCAREAMEASURE(28.7784240620699),$);
#1883= IFCPROPERTYSINGLEVALUE('Net surface area',$,IFCAREAMEASURE(0.0794782005140603),$);
#1884= IFCPROPERTYSINGLEVALUE('Gross area',$,IFCAREAMEASURE(0.0355812576971436),$);
#1885= IFCPROPERTYSINGLEVALUE('Height',$,IFCLENGTHMEASURE(95.6999969482422),$);
#1886= IFCPROPERTYSINGLEVALUE('Width',$,IFCLENGTHMEASURE(10.),$);
#1887= IFCPROPERTYSINGLEVALUE('Length',$,IFCLENGTHMEASURE(371.799987792969),$);
#1888= IFCPROPERTYSET('2J2KdniTH2pg0BSvEWGF_s',#5,'Tekla Quantity','Quantity Properties to Shared building elements',(#1874,#1875,#1876,#1877,#1878,#1879,#1880,#1881,#1882,#1883,#1884,#1885,#1886,#1887));
#1889= IFCPROPERTYSINGLEVALUE('MO_Storey',$,$,$);
#1890= IFCPROPERTYSINGLEVALUE('MO_Section',$,$,$);
#1891= IFCPROPERTYSET('1Xrrz89vn91wOQo$dCx$hu',#5,'Tekla_ModelOrganizer',$,(#1889,#1890));
#1892= IFCPROPERTYSINGLEVALUE('AssemblyDesignCheckedBy',$,$,$);
#1893= IFCPROPERTYSINGLEVALUE('AssemblyDesignComment',$,$,$);
#1894= IFCPROPERTYSINGLEVALUE('AssemblyDesignAssignedTo',$,$,$);
#1895= IFCPROPERTYSINGLEVALUE('AssemblyDesignCode',$,$,$);
#1896= IFCPROPERTYSINGLEVALUE('AssemblyDesignPlansStatus',$,$,$);
#1897= IFCPROPERTYSINGLEVALUE('AssemblyDesignCheckDate',$,$,$);
#1898= IFCPROPERTYSINGLEVALUE('AssemblyPlannedStartDesign',$,$,$);
#1899= IFCPROPERTYSINGLEVALUE('AssemblyPlannedEndDesign',$,$,$);
#1900= IFCPROPERTYSINGLEVALUE('AssemblyActualStartDesign',$,$,$);
#1901= IFCPROPERTYSINGLEVALUE('AssemblyActualEndDesign',$,$,$);
#1902= IFCPROPERTYSINGLEVALUE('AssemblyFabricationCode',$,$,$);
#1903= IFCPROPERTYSINGLEVALUE('AssemblyFabricationDeliveryNumber',$,$,$);
#1904= IFCPROPERTYSINGLEVALUE('AssemblyFabricationPackageNumber',$,$,$);
#1905= IFCPROPERTYSINGLEVALUE('AssemblyFabricationShipmentNumber',$,$,$);
#1906= IFCPROPERTYSINGLEVALUE('AssemblyFabricationStatus',$,$,$);
#1907= IFCPROPERTYSINGLEVALUE('AssemblyPlannedStartFabrication',$,$,$);
#1908= IFCPROPERTYSINGLEVALUE('AssemblyPlannedEndFabrication',$,$,$);
#1909= IFCPROPERTYSINGLEVALUE('AssemblyActualStartFabrication',$,$,$);
#1910= IFCPROPERTYSINGLEVALUE('AssemblyActualEndFabrication',$,$,$);
#1911= IFCPROPERTYSINGLEVALUE('AssemblyErectionCode',$,$,$);
#1912= IFCPROPERTYSINGLEVALUE('AssemblyErectionComment',$,$,$);
#1913= IFCPROPERTYSINGLEVALUE('AssemblyErectionStatus',$,$,$);
#1914= IFCPROPERTYSINGLEVALUE('AssemblyErectionCIPStatus',$,$,$);
#1915= IFCPROPERTYSINGLEVALUE('AssemblyPlannedStartErection',$,$,$);
#1916= IFCPROPERTYSINGLEVALUE('AssemblyPlannedEndErection',$,$,$);
#1917= IFCPROPERTYSINGLEVALUE('AssemblyActualStartErection',$,$,$);
#1918= IFCPROPERTYSINGLEVALUE('AssemblyActualEndErection',$,$,$);
#1919= IFCPROPERTYSET('32HBW7UjvDQAv0Re3l2m8O',#5,'Tekla_4D',$,(#1892,#1893,#1894,#1895,#1896,#1897,#1898,#1899,#1900,#1901,#1902,#1903,#1904,#1905,#1906,#1907,#1908,#1909,#1910,#1911,#1912,#1913,#1914,#1915,#1916,#1917,#1918));
#1920= IFCRELAGGREGATES('1Z0yMiO_5CGhQnqlOOcSM6',#5,$,$,#24,(#26));
#1921= IFCRELAGGREGATES('3zS5I1ASX0rvm_OAx2nh9y',#5,$,$,#26,(#28));
#1922= IFCRELAGGREGATES('0t3i1u28H89gl$tJcOMDcd',#5,$,$,#28,(#30));
#1923= IFCRELAGGREGATES('2JEbrNiqz0aO29YAlXmDGx',#5,$,$,#33,(#1860,#1795,#1730,#1665,#1600,#1535,#1470,#1366,#1301,#1235,#1127,#1062,#997,#932,#866,#762,#692,#623,#558,#487,#62));
#1924= IFCRELCONTAINEDINSPATIALSTRUCTURE('2WL7iz7898HuK2D5UBjD8P',#5,$,$,(#33),#30);
#1925= IFCRELDEFINESBYPROPERTIES('0xGBfo8dr3X8rL4R_3eJ6L',#5,$,$,(#33),#42);
#1926= IFCRELDEFINESBYPROPERTIES('1vLceNz7v7j9NqP0tGK7Vb',#5,$,$,(#62),#419);
#1927= IFCRELDEFINESBYPROPERTIES('0D8eYgsLf00QYN6RFfpZdx',#5,$,$,(#62),#434);
#1928= IFCRELDEFINESBYPROPERTIES('2qJqxzmun2axtgxqCG0uhW',#5,$,$,(#62),#437);
#1929= IFCRELDEFINESBYPROPERTIES('0Tt4rmgw5B6h_xaTJuHgg_',#5,$,$,(#62),#465);
#1930= IFCRELDEFINESBYPROPERTIES('396k$Uig1F2utG7XA1brou',#5,$,$,(#62),#470);
#1931= IFCRELDEFINESBYPROPERTIES('1J0mfTMdnB8gdsQcJiYLn1',#5,$,$,(#487),#501);
#1932= IFCRELDEFINESBYPROPERTIES('2wGpCzmRb5MB0IjEakw1QC',#5,$,$,(#487),#516);
#1933= IFCRELDEFINESBYPROPERTIES('3XOgnCrsnB2xS83oe6nBjh',#5,$,$,(#487),#519);
#1934= IFCRELDEFINESBYPROPERTIES('3mmLa8btn8VfYDPgYVqR88',#5,$,$,(#487),#547);
#1935= IFCRELDEFINESBYPROPERTIES('1c4ffA3lL6v93vC5UR8I67',#5,$,$,(#623,#558,#487),#552);
#1936= IFCRELDEFINESBYPROPERTIES('3O56FgGir56gUUAqh1r52P',#5,$,$,(#558),#571);
#1937= IFCRELDEFINESBYPROPERTIES('1TYTrzQ0TBvxNR9boKB_Sz',#5,$,$,(#558),#586);
#1938= IFCRELDEFINESBYPROPERTIES('1u0APjwVz7eRETUeupGAJX',#5,$,$,(#558),#589);
#1939= IFCRELDEFINESBYPROPERTIES('2c9Kvm5V5BKBUN$tqA7mWV',#5,$,$,(#558),#617);
#1940= IFCRELDEFINESBYPROPERTIES('1Y4c6LCGvCPw71hld_evn9',#5,$,$,(#623),#636);
#1941= IFCRELDEFINESBYPROPERTIES('2QXEQJfTD2lfB6VuN7eysI',#5,$,$,(#623),#651);
#1942= IFCRELDEFINESBYPROPERTIES('0GjUISCd13BvtJnF1p5XZ4',#5,$,$,(#623),#654);
#1943= IFCRELDEFINESBYPROPERTIES('0YsNT40$b3xAr5qiWasqSf',#5,$,$,(#623),#682);
#1944= IFCRELDEFINESBYPROPERTIES('2bycbyanzCA9gz_FwnuvNl',#5,$,$,(#692),#705);
#1945= IFCRELDEFINESBYPROPERTIES('2Q_Z_3rOj3jB3w2zQPhXqb',#5,$,$,(#692),#720);
#1946= IFCRELDEFINESBYPROPERTIES('3QxMDBlArCQevep0QWqoXH',#5,$,$,(#692),#723);
#1947= IFCRELDEFINESBYPROPERTIES('0gO7iCkILCQPSmznOkK5th',#5,$,$,(#692),#751);
#1948= IFCRELDEFINESBYPROPERTIES('1_w8ZLHE16hvXf9jJ0_I9l',#5,$,$,(#762,#692),#756);
#1949= IFCRELDEFINESBYPROPERTIES('0CoydV6ab8PhvgMrIP2ZQc',#5,$,$,(#762),#775);
#1950= IFCRELDEFINESBYPROPERTIES('032Gp4KEbEFAkkRBMIhVzG',#5,$,$,(#762),#790);
#1951= IFCRELDEFINESBYPROPERTIES('2nkIh$OoHAm9Y5Fg3EBZn3',#5,$,$,(#762),#793);
#1952= IFCRELDEFINESBYPROPERTIES('2bENjrwjzEXuIwJKQTlKJp',#5,$,$,(#762),#821);
#1953= IFCRELDEFINESBYPROPERTIES('3UwAFJu7jCtQJsinf_G8Zk',#5,$,$,(#866),#880);
#1954= IFCRELDEFINESBYPROPERTIES('0_meB6hjn4JP4AlWoXL4z8',#5,$,$,(#866),#895);
#1955= IFCRELDEFINESBYPROPERTIES('19uR1_KEz6TOFTkYqwdC0h',#5,$,$,(#866),#898);
#1956= IFCRELDEFINESBYPROPERTIES('2kzGwOZwXFNQbzW2YQ6hwS',#5,$,$,(#866),#926);
#1957= IFCRELDEFINESBYPROPERTIES('0g0kD7pnL6dgMc_XT4CtUt',#5,$,$,(#932),#945);
#1958= IFCRELDEFINESBYPROPERTIES('1XvmrMw$nFXe3BRTzFYseX',#5,$,$,(#932),#960);
#1959= IFCRELDEFINESBYPROPERTIES('0GmG$fc_j8nhLVk7w1IuAW',#5,$,$,(#932),#963);
#1960= IFCRELDEFINESBYPROPERTIES('3k0MogCbH7qwZL6JJc_nBG',#5,$,$,(#932),#991);
#1961= IFCRELDEFINESBYPROPERTIES('1VE5tMAin8_xaoAZ_3vspE',#5,$,$,(#997),#1010);
#1962= IFCRELDEFINESBYPROPERTIES('1oxeFqkA5CL8h0U4jSyFyv',#5,$,$,(#997),#1025);
#1963= IFCRELDEFINESBYPROPERTIES('0XDd_wz898f9GqoL9X4u50',#5,$,$,(#997),#1028);
#1964= IFCRELDEFINESBYPROPERTIES('2fY09Lhv52Wh9JQJ2tIU9$',#5,$,$,(#997),#1056);
#1965= IFCRELDEFINESBYPROPERTIES('36ztYgvoD3EP6RSkf9XnWG',#5,$,$,(#1062),#1075);
#1966= IFCRELDEFINESBYPROPERTIES('33VLqAJsH3yBqgqdrk3RRl',#5,$,$,(#1062),#1090);
#1967= IFCRELDEFINESBYPROPERTIES('2Ate3rpLT8ZQxkfnS8lJUH',#5,$,$,(#1062),#1093);
#1968= IFCRELDEFINESBYPROPERTIES('0RiLbpzvHFtgdfoYYMuONE',#5,$,$,(#1062),#1121);
#1969= IFCRELDEFINESBYPROPERTIES('3z3yTqqa181fW3emzVauLU',#5,$,$,(#1127),#1140);
#1970= IFCRELDEFINESBYPROPERTIES('3_XISepOHFURu2Emyyoyvl',#5,$,$,(#1127),#1155);
#1971= IFCRELDEFINESBYPROPERTIES('2ARNgNIyH0lhKMQ4PHnFNJ',#5,$,$,(#1127),#1158);
#1972= IFCRELDEFINESBYPROPERTIES('2K4VORUUHDD8$SzdLGKygE',#5,$,$,(#1127),#1186);
#1973= IFCRELDEFINESBYPROPERTIES('3yTJDT9dnAwPHrIJUn2wTG',#5,$,$,(#1235),#1249);
#1974= IFCRELDEFINESBYPROPERTIES('2T636Vg5f1LhdiJMHWywqk',#5,$,$,(#1235),#1264);
#1975= IFCRELDEFINESBYPROPERTIES('1ZD9wXvkr5tO6nYHcDWB5g',#5,$,$,(#1235),#1267);
#1976= IFCRELDEFINESBYPROPERTIES('33geSrSZ5DWffuiGGOsZP6',#5,$,$,(#1235),#1295);
#1977= IFCRELDEFINESBYPROPERTIES('3VLcMcxSD6gRX4M1acB$ue',#5,$,$,(#1301),#1314);
#1978= IFCRELDEFINESBYPROPERTIES('1DRoY0dWb5seKrYtfgRtki',#5,$,$,(#1301),#1329);
#1979= IFCRELDEFINESBYPROPERTIES('2g8bAz1c18oBZtMa8g$xPg',#5,$,$,(#1301),#1332);
#1980= IFCRELDEFINESBYPROPERTIES('25bq9$$LzC1QBkVW9P4xSw',#5,$,$,(#1301),#1360);
#1981= IFCRELDEFINESBYPROPERTIES('36UrGnEa1C_9K7a673nZGG',#5,$,$,(#1366),#1379);
#1982= IFCRELDEFINESBYPROPERTIES('3TdrDETlD3JQwsteU5Fuvn',#5,$,$,(#1366),#1394);
#1983= IFCRELDEFINESBYPROPERTIES('2rXtiL4fnAPhFRqI1DP8Xo',#5,$,$,(#1366),#1397);
#1984= IFCRELDEFINESBYPROPERTIES('1DTThKvzbEkRnqD_asvsX6',#5,$,$,(#1366),#1425);
#1985= IFCRELDEFINESBYPROPERTIES('2YacgbBiL8Fg1YPNP8KLr_',#5,$,$,(#1470),#1483);
#1986= IFCRELDEFINESBYPROPERTIES('3ciHjngTLCFv7WXngQJU_U',#5,$,$,(#1470),#1498);
#1987= IFCRELDEFINESBYPROPERTIES('2vEt2VOq188OpiSHQqf8DQ',#5,$,$,(#1470),#1501);
#1988= IFCRELDEFINESBYPROPERTIES('3v_x1fBAL3zvFmYQss6PQw',#5,$,$,(#1470),#1529);
#1989= IFCRELDEFINESBYPROPERTIES('1FrPsdsYLAp9rQY7WrqUMT',#5,$,$,(#1535),#1548);
#1990= IFCRELDEFINESBYPROPERTIES('2VvPPnoCjCnuKaBTvk7w6u',#5,$,$,(#1535),#1563);
#1991= IFCRELDEFINESBYPROPERTIES('1gI5d5oCz3mBS7PZVwSuet',#5,$,$,(#1535),#1566);
#1992= IFCRELDEFINESBYPROPERTIES('3v0uzCa9b3gOE5UqHiU5R$',#5,$,$,(#1535),#1594);
#1993= IFCRELDEFINESBYPROPERTIES('2ae6omCjfAIAo23Fvn6cHl',#5,$,$,(#1600),#1613);
#1994= IFCRELDEFINESBYPROPERTIES('0EfO1XD4bEb8AUak_d1Obh',#5,$,$,(#1600),#1628);
#1995= IFCRELDEFINESBYPROPERTIES('01G2kV45z9qwAfQrT107Ge',#5,$,$,(#1600),#1631);
#1996= IFCRELDEFINESBYPROPERTIES('1T8EYW81D9f8m4bpynGhVx',#5,$,$,(#1600),#1659);
#1997= IFCRELDEFINESBYPROPERTIES('3S$bKs5BD4XRxaGJGDPn9l',#5,$,$,(#1665),#1678);
#1998= IFCRELDEFINESBYPROPERTIES('3W4eaDtff2ZRbpyXuydmH1',#5,$,$,(#1665),#1693);
#1999= IFCRELDEFINESBYPROPERTIES('1j2fCfGhH5QwmRGM$t$TYx',#5,$,$,(#1665),#1696);
#2000= IFCRELDEFINESBYPROPERTIES('0UKQohEQX70QRZTNNP34F9',#5,$,$,(#1665),#1724);
#2001= IFCRELDEFINESBYPROPERTIES('0sXUtvQMPE3AWtZCXtrUb4',#5,$,$,(#1730),#1743);
#2002= IFCRELDEFINESBYPROPERTIES('3JciE5eTn9lQF3E3iNTCHo',#5,$,$,(#1730),#1758);
#2003= IFCRELDEFINESBYPROPERTIES('1rTKGf4AfFiBoUMKjd$9c5',#5,$,$,(#1730),#1761);
#2004= IFCRELDEFINESBYPROPERTIES('1seAVc7sH3lhJGV37k69hU',#5,$,$,(#1730),#1789);
#2005= IFCRELDEFINESBYPROPERTIES('2JsQIlvXv1UwehVvHQe7TB',#5,$,$,(#1795),#1808);
#2006= IFCRELDEFINESBYPROPERTIES('2leQpNNgr4L80HkiaQoKqu',#5,$,$,(#1795),#1823);
#2007= IFCRELDEFINESBYPROPERTIES('0NKRg2olzCjQss8wittvev',#5,$,$,(#1795),#1826);
#2008= IFCRELDEFINESBYPROPERTIES('1vqZfxPV5AJf4PbF72KotX',#5,$,$,(#1795),#1854);
#2009= IFCRELDEFINESBYPROPERTIES('12SK4azeb4LeVMUIO2gKK8',#5,$,$,(#1860),#1873);
#2010= IFCRELDEFINESBYPROPERTIES('2g299sGbr7Ah0iRuJ31M2o',#5,$,$,(#1860),#1888);
#2011= IFCRELDEFINESBYPROPERTIES('0F0yv47_PFNO2YV$4THoEk',#5,$,$,(#1860),#1891);
#2012= IFCRELDEFINESBYPROPERTIES('1jS4sLMRb6GfeRE69gmANU',#5,$,$,(#1860),#1919);
#2013= IFCRELDEFINESBYTYPE('0qKzc5fC9DQ9SM4UtwpYQN',#5,$,$,(#62),#406);
#2014= IFCRELDEFINESBYTYPE('1zENu0$L1FPf4dEjIOrTAw',#5,$,$,(#762,#692,#623,#558,#487),#488);
#2015= IFCRELDEFINESBYTYPE('0tLAzZuhr8fRq_Q6Nus4ZP',#5,$,$,(#1127,#1062,#997,#932,#866),#867);
#2016= IFCRELDEFINESBYTYPE('3HgDHNUnrEsQg6LJJMzHw8',#5,$,$,(#1860,#1795,#1730,#1665,#1600,#1535,#1470,#1366,#1301,#1235),#1236);
#2017= IFCRELASSOCIATESMATERIAL('04d0Us7JTEG8RjHpFdAesx',#5,$,$,(#1860,#1795,#1730,#1665,#1600,#1535,#1470,#1366,#1301,#1235,#1127,#1062,#997,#932,#866,#762,#692,#623,#558,#487,#62),#471);
#2018= IFCPRESENTATIONLAYERASSIGNMENT('\X2\00540053005F0031002072B6600100200031\X0\',$,(#1858,#1793,#1728,#1663,#1598,#1533,#1468,#1364,#1299,#1233,#1125,#1060,#995,#930,#864,#760,#689,#621,#556,#484,#59),$);
ENDSEC;

END-ISO-10303-21;
